{"stats":{"minecraft:dropped":{"minecraft:crimson_stem":3,"minecraft:lapis_lazuli":4,"minecraft:baked_potato":1,"minecraft:diamond":26,"minecraft:leather":13,"minecraft:flint":2,"minecraft:dirt":17,"minecraft:crimson_roots":2,"minecraft:netherite_boots":1,"minecraft:iron_pickaxe":1,"minecraft:gold_ingot":66,"minecraft:bone":3,"minecraft:gravel":38,"minecraft:stone_axe":2,"minecraft:cobbled_deepslate":8,"minecraft:pointed_dripstone":32,"minecraft:obsidian":4,"minecraft:rotten_flesh":17,"minecraft:enchanted_golden_apple":1,"minecraft:carrot":1,"minecraft:tipped_arrow":1,"minecraft:gunpowder":2,"minecraft:beef":4,"minecraft:enchanted_book":1,"minecraft:bread":3,"minecraft:wheat_seeds":163,"minecraft:golden_horse_armor":1,"minecraft:dripstone_block":12,"minecraft:feather":6,"minecraft:apple":4,"minecraft:polished_blackstone_button":1,"minecraft:coal":1,"minecraft:golden_apple":5,"minecraft:gray_wool":1,"minecraft:diorite":4,"minecraft:golden_carrot":8,"minecraft:wooden_hoe":2,"minecraft:wooden_axe":2,"minecraft:string":5,"minecraft:spruce_sapling":1,"minecraft:redstone":1,"minecraft:soul_soil":9,"minecraft:player_head":6,"minecraft:tuff":11,"minecraft:experience_bottle":6,"minecraft:raw_iron":5,"minecraft:light_gray_wool":2,"minecraft:flint_and_steel":1,"minecraft:andesite":2,"minecraft:oak_sapling":6,"minecraft:golden_sword":1,"minecraft:diamond_boots":1,"minecraft:bow":5,"minecraft:wooden_pickaxe":1,"minecraft:magma_block":30},"minecraft:mined":{"minecraft:spruce_planks":2,"minecraft:cobbled_deepslate_stairs":1,"minecraft:sculk_vein":2,"minecraft:obsidian":2,"minecraft:granite":40,"minecraft:budding_amethyst":6,"minecraft:grass_block":796,"minecraft:cracked_polished_blackstone_bricks":63,"minecraft:soul_soil":2,"minecraft:polished_blackstone_brick_slab":1,"minecraft:crimson_fungus":3,"minecraft:gilded_blackstone":12,"minecraft:spawner":1,"minecraft:polished_blackstone_bricks":182,"minecraft:weeping_vines_plant":3,"minecraft:magma_block":50,"minecraft:glowstone":24,"minecraft:iron_ore":181,"minecraft:cobbled_deepslate":4,"minecraft:fire":63,"minecraft:deepslate_lapis_ore":34,"minecraft:pointed_dripstone":33,"minecraft:oak_stairs":2,"minecraft:small_amethyst_bud":2,"minecraft:green_carpet":1,"minecraft:spruce_wood":2,"minecraft:potted_cornflower":1,"minecraft:player_head":27,"minecraft:spruce_slab":3,"minecraft:deepslate_redstone_ore":34,"minecraft:brown_mushroom":1,"minecraft:red_bed":4,"minecraft:cyan_terracotta":32,"minecraft:blackstone":96,"minecraft:crimson_nylium":24,"minecraft:amethyst_cluster":32,"minecraft:oxidized_cut_copper_stairs":1,"minecraft:torch":15,"minecraft:blast_furnace":1,"minecraft:calcite":23,"minecraft:chest":1,"minecraft:nether_quartz_ore":279,"minecraft:cobblestone":26,"minecraft:oak_planks":2,"minecraft:wall_torch":9,"minecraft:amethyst_block":34,"minecraft:skeleton_skull":1,"minecraft:chain":6,"minecraft:nether_wart_block":4,"minecraft:birch_log":5,"minecraft:wheat":26,"minecraft:light_gray_wool":5,"minecraft:warped_fungus":1,"minecraft:grass":424,"minecraft:dirt":236,"minecraft:smooth_basalt":23,"minecraft:netherrack":375,"minecraft:stripped_crimson_stem":4,"minecraft:oak_leaves":42,"minecraft:deepslate":208,"minecraft:nether_gold_ore":52,"minecraft:dark_prismarine":13,"minecraft:red_carpet":1,"minecraft:tuff":34,"minecraft:deepslate_diamond_ore":5,"minecraft:glow_lichen":1,"minecraft:crimson_roots":17,"minecraft:weeping_vines":2,"minecraft:redstone_wire":2,"minecraft:soul_campfire":9,"minecraft:spruce_leaves":16,"minecraft:large_fern":7,"minecraft:hay_block":4,"minecraft:redstone_ore":1,"minecraft:spruce_sapling":1,"minecraft:furnace":4,"minecraft:acacia_wood":6,"minecraft:andesite":15,"minecraft:deepslate_iron_ore":119,"minecraft:shroomlight":2,"minecraft:cobblestone_slab":3,"minecraft:rail":1,"minecraft:lantern":5,"minecraft:stone":241,"minecraft:oak_slab":1,"minecraft:soul_torch":4,"minecraft:basalt":5,"minecraft:dandelion":4,"minecraft:crafting_table":8,"minecraft:crimson_slab":8,"minecraft:tall_grass":16,"minecraft:copper_ore":3,"minecraft:deepslate_gold_ore":82,"minecraft:lapis_ore":6,"minecraft:polished_blackstone_brick_stairs":13,"minecraft:sculk":41,"minecraft:diorite":4,"minecraft:sea_pickle":1,"minecraft:sweet_berry_bush":52,"minecraft:spruce_log":7,"minecraft:birch_leaves":1,"minecraft:coal_ore":261,"minecraft:gravel":55,"minecraft:dripstone_block":4,"minecraft:acacia_planks":5,"minecraft:stripped_acacia_wood":1,"minecraft:polished_blackstone":3,"minecraft:stone_bricks":2,"minecraft:gold_ore":12,"minecraft:fern":2,"minecraft:warped_slab":2},"minecraft:custom":{"minecraft:interact_with_crafting_table":121,"minecraft:open_barrel":22,"minecraft:leave_game":11,"minecraft:time_since_death":12138,"minecraft:sprint_one_cm":1286280,"minecraft:damage_blocked_by_shield":2550,"minecraft:drop":167,"minecraft:talked_to_villager":3,"minecraft:play_time":728247,"minecraft:deaths":83,"minecraft:jump":10735,"minecraft:walk_on_water_one_cm":68185,"minecraft:interact_with_furnace":70,"minecraft:sleep_in_bed":10,"minecraft:damage_dealt":35550,"minecraft:crouch_one_cm":149564,"minecraft:interact_with_smoker":13,"minecraft:horse_one_cm":9,"minecraft:interact_with_anvil":11,"minecraft:mob_kills":250,"minecraft:climb_one_cm":3563,"minecraft:walk_one_cm":2280233,"minecraft:sneak_time":60038,"minecraft:walk_under_water_one_cm":113241,"minecraft:interact_with_blast_furnace":65,"minecraft:total_world_time":728247,"minecraft:interact_with_grindstone":3,"minecraft:interact_with_stonecutter":1,"minecraft:time_since_rest":9712,"minecraft:damage_taken":38535,"minecraft:damage_absorbed":187,"minecraft:swim_one_cm":64403,"minecraft:fly_one_cm":1350681,"minecraft:open_chest":373,"minecraft:fall_one_cm":339936},"minecraft:broken":{"minecraft:iron_shovel":3,"minecraft:stone_pickaxe":1,"minecraft:stone_axe":1,"minecraft:iron_pickaxe":2,"minecraft:iron_helmet":1},"minecraft:used":{"minecraft:iron_shovel":974,"minecraft:ladder":1,"minecraft:chest":5,"minecraft:shield":44,"minecraft:iron_sword":120,"minecraft:player_head":6,"minecraft:rotten_flesh":5,"minecraft:iron_chestplate":1,"minecraft:carrot":1,"minecraft:tuff":5,"minecraft:cyan_terracotta":10,"minecraft:lava_bucket":27,"minecraft:lantern":2,"minecraft:golden_sword":19,"minecraft:bow":160,"minecraft:sweet_berries":318,"minecraft:furnace":7,"minecraft:diorite":1,"minecraft:oak_planks":1,"minecraft:stone_pickaxe":260,"minecraft:blackstone":35,"minecraft:wooden_pickaxe":25,"minecraft:diamond_axe":25,"minecraft:golden_apple":7,"minecraft:blast_furnace":1,"minecraft:crossbow":1,"minecraft:netherite_helmet":1,"minecraft:bread":12,"minecraft:gravel":13,"minecraft:nether_wart_block":2,"minecraft:diamond_sword":230,"minecraft:andesite":9,"minecraft:experience_bottle":24,"minecraft:stone_sword":7,"minecraft:flint_and_steel":2,"minecraft:cooked_salmon":14,"minecraft:cooked_chicken":6,"minecraft:netherrack":170,"minecraft:torch":148,"minecraft:dirt":857,"minecraft:granite":28,"minecraft:shroomlight":2,"minecraft:wooden_axe":7,"minecraft:iron_axe":55,"minecraft:oak_stairs":11,"minecraft:polished_blackstone_brick_stairs":2,"minecraft:smooth_basalt":1,"minecraft:light_gray_wool":4,"minecraft:beef":14,"minecraft:soul_soil":1,"minecraft:netherite_pickaxe":662,"minecraft:cooked_beef":50,"minecraft:cobbled_deepslate":155,"minecraft:acacia_planks":9,"minecraft:golden_axe":7,"minecraft:wheat_seeds":22,"minecraft:cooked_mutton":10,"minecraft:water_bucket":63,"minecraft:baked_potato":4,"minecraft:polished_blackstone_bricks":43,"minecraft:salmon":4,"minecraft:oak_slab":10,"minecraft:crafting_table":12,"minecraft:red_bed":3,"minecraft:smoker":1,"minecraft:wooden_hoe":3,"minecraft:diamond_pickaxe":839,"minecraft:apple":7,"minecraft:iron_pickaxe":1040,"minecraft:spruce_sapling":2,"minecraft:stone_axe":150,"minecraft:crimson_fungus":1,"minecraft:cobblestone":190,"minecraft:porkchop":2,"minecraft:cooked_porkchop":27,"minecraft:bucket":93,"minecraft:pumpkin_pie":12,"minecraft:soul_torch":4},"minecraft:killed":{"minecraft:zombified_piglin":5,"minecraft:spider":11,"minecraft:skeleton":46,"minecraft:chicken":8,"minecraft:piglin":16,"minecraft:pig":14,"minecraft:salmon":19,"minecraft:creeper":2,"minecraft:sheep":13,"minecraft:pillager":2,"minecraft:zombie":53,"minecraft:cow":13,"minecraft:slime":2,"minecraft:phantom":7,"minecraft:bat":1,"minecraft:hoglin":18,"minecraft:wither_skeleton":8},"minecraft:killed_by":{"minecraft:piglin_brute":1,"minecraft:zombified_piglin":1,"minecraft:wither_skeleton":26,"minecraft:piglin":2,"minecraft:zombie":2,"minecraft:player":2,"minecraft:hoglin":16,"minecraft:skeleton":20,"minecraft:phantom":1},"minecraft:crafted":{"minecraft:oak_planks":478,"minecraft:cooked_chicken":6,"minecraft:cooked_mutton":18,"minecraft:quartz_block":64,"minecraft:iron_boots":4,"minecraft:chest":5,"minecraft:golden_boots":3,"minecraft:smoker":1,"minecraft:golden_axe":1,"minecraft:oak_slab":18,"minecraft:cooked_porkchop":36,"minecraft:diamond_axe":1,"minecraft:crafting_table":6,"minecraft:spruce_planks":188,"minecraft:iron_helmet":8,"minecraft:wooden_pickaxe":2,"minecraft:baked_potato":3,"minecraft:golden_pickaxe":1,"minecraft:copper_ingot":15,"minecraft:gold_block":8,"minecraft:birch_planks":20,"minecraft:wooden_hoe":1,"minecraft:iron_chestplate":7,"minecraft:diamond_pickaxe":1,"minecraft:shield":1,"minecraft:stick":140,"minecraft:iron_ingot":228,"minecraft:iron_pickaxe":11,"minecraft:gold_ingot":78,"minecraft:furnace":5,"minecraft:bone_meal":15,"minecraft:flint_and_steel":1,"minecraft:iron_axe":3,"minecraft:stone_pickaxe":2,"minecraft:golden_helmet":1,"minecraft:cooked_beef":11,"minecraft:diamond_sword":2,"minecraft:iron_sword":4,"minecraft:cooked_salmon":14,"minecraft:bucket":3,"minecraft:stone_axe":6,"minecraft:bread":7,"minecraft:air":0,"minecraft:golden_apple":6,"minecraft:wooden_axe":2,"minecraft:oak_stairs":12,"minecraft:iron_shovel":4,"minecraft:iron_leggings":10,"minecraft:acacia_planks":16,"minecraft:torch":120,"minecraft:diamond_chestplate":1},"minecraft:picked_up":{"minecraft:wooden_axe":1,"minecraft:iron_chestplate":1,"minecraft:wheat":25,"minecraft:flower_pot":1,"minecraft:diamond_sword":1,"minecraft:oak_stairs":5,"minecraft:gilded_blackstone":9,"minecraft:golden_sword":1,"minecraft:amethyst_block":69,"minecraft:polished_blackstone_brick_stairs":4,"minecraft:string":14,"minecraft:raw_copper":8,"minecraft:soul_soil":20,"minecraft:iron_leggings":2,"minecraft:shroomlight":2,"minecraft:oak_sign":2,"minecraft:sea_pickle":1,"minecraft:gold_nugget":234,"minecraft:cobbled_deepslate":248,"minecraft:bucket":1,"minecraft:spruce_planks":6,"minecraft:warped_slab":2,"minecraft:cobblestone_slab":3,"minecraft:calcite":31,"minecraft:iron_pickaxe":4,"minecraft:furnace":4,"minecraft:iron_boots":2,"minecraft:tipped_arrow":1,"minecraft:polished_blackstone_brick_slab":2,"minecraft:stick":5,"minecraft:torch":54,"minecraft:porkchop":53,"minecraft:golden_axe":1,"minecraft:pointed_dripstone":46,"minecraft:diorite":6,"minecraft:golden_chestplate":4,"minecraft:quartz_block":64,"minecraft:rotten_flesh":56,"minecraft:cyan_terracotta":32,"minecraft:obsidian":4,"minecraft:cobblestone":313,"minecraft:birch_log":5,"minecraft:magma_block":49,"minecraft:feather":8,"minecraft:cooked_beef":77,"minecraft:water_bucket":1,"minecraft:andesite":19,"minecraft:potato":2,"minecraft:flint":8,"minecraft:tuff":47,"minecraft:lantern":6,"minecraft:lapis_lazuli":267,"minecraft:dirt":1289,"minecraft:bone":86,"minecraft:acacia_planks":5,"minecraft:bow":2,"minecraft:wheat_seeds":172,"minecraft:raw_gold":94,"minecraft:glowstone_dust":78,"minecraft:oak_planks":146,"minecraft:cooked_porkchop":18,"minecraft:stripped_acacia_wood":1,"minecraft:stripped_crimson_stem":3,"minecraft:dark_prismarine":11,"minecraft:diamond":23,"minecraft:polished_blackstone_button":1,"minecraft:cracked_polished_blackstone_bricks":53,"minecraft:crossbow":4,"minecraft:granite":34,"minecraft:bone_meal":2,"minecraft:spruce_sign":2,"minecraft:golden_horse_armor":2,"minecraft:oak_sapling":8,"minecraft:netherrack":381,"minecraft:crimson_roots":16,"minecraft:crafting_table":9,"minecraft:chicken":8,"minecraft:ladder":1,"minecraft:brown_mushroom":2,"minecraft:chain":8,"minecraft:shield":1,"minecraft:cornflower":1,"minecraft:red_bed":4,"minecraft:flint_and_steel":1,"minecraft:iron_shovel":3,"minecraft:blackstone":92,"minecraft:stripped_warped_stem":3,"minecraft:beef":27,"minecraft:player_head":36,"minecraft:spruce_slab":3,"minecraft:light_gray_wool":8,"minecraft:chest":1,"minecraft:phantom_membrane":8,"minecraft:raw_iron":361,"minecraft:polished_blackstone_bricks":144,"minecraft:carrot":2,"minecraft:redstone":153,"minecraft:netherite_pickaxe":2,"minecraft:arrow":92,"minecraft:diamond_chestplate":1,"minecraft:hay_block":4,"minecraft:gold_ingot":64,"minecraft:polished_blackstone":3,"minecraft:mutton":18,"minecraft:white_wool":11,"minecraft:rail":3,"minecraft:skeleton_skull":1,"minecraft:crimson_slab":8,"minecraft:netherite_boots":1,"minecraft:oxidized_cut_copper_stairs":1,"minecraft:basalt":2,"minecraft:crimson_stem":123,"minecraft:salmon":18,"minecraft:leather":21,"minecraft:acacia_wood":6,"minecraft:crimson_fungus":3,"minecraft:oak_log":145,"minecraft:nether_wart_block":6,"minecraft:golden_boots":1,"minecraft:cobbled_deepslate_stairs":1,"minecraft:gunpowder":6,"minecraft:wooden_hoe":1,"minecraft:white_banner":1,"minecraft:red_carpet":1,"minecraft:stone_bricks":2,"minecraft:apple":1,"minecraft:spruce_wood":1,"minecraft:iron_ingot":51,"minecraft:iron_sword":4,"minecraft:oak_slab":12,"minecraft:smooth_basalt":35,"minecraft:sweet_berries":474,"minecraft:quartz":513,"minecraft:dandelion":3,"minecraft:dripstone_block":13,"minecraft:gravel":51,"minecraft:lava_bucket":1,"minecraft:amethyst_shard":154,"minecraft:blast_furnace":1,"minecraft:spruce_sapling":3,"minecraft:soul_torch":4,"minecraft:spruce_log":73,"minecraft:spider_eye":4,"minecraft:slime_ball":2,"minecraft:stone_axe":3,"minecraft:iron_helmet":4,"minecraft:gray_wool":2,"minecraft:coal":356}},"DataVersion":3463}