{"stats":{"minecraft:dropped":{"minecraft:crimson_stem":3,"minecraft:baked_potato":1,"minecraft:diamond":26,"minecraft:leather":1,"minecraft:dirt":15,"minecraft:netherite_boots":1,"minecraft:gold_ingot":66,"minecraft:bone":2,"minecraft:gravel":5,"minecraft:stone_axe":2,"minecraft:cobbled_deepslate":8,"minecraft:obsidian":4,"minecraft:rotten_flesh":7,"minecraft:enchanted_golden_apple":1,"minecraft:carrot":1,"minecraft:tipped_arrow":1,"minecraft:gunpowder":2,"minecraft:beef":4,"minecraft:enchanted_book":1,"minecraft:bread":3,"minecraft:wheat_seeds":136,"minecraft:golden_horse_armor":1,"minecraft:dripstone_block":1,"minecraft:feather":2,"minecraft:apple":4,"minecraft:polished_blackstone_button":1,"minecraft:coal":1,"minecraft:golden_apple":5,"minecraft:golden_carrot":8,"minecraft:wooden_axe":1,"minecraft:string":5,"minecraft:spruce_sapling":1,"minecraft:redstone":1,"minecraft:soul_soil":9,"minecraft:player_head":6,"minecraft:tuff":11,"minecraft:raw_iron":5,"minecraft:experience_bottle":6,"minecraft:flint_and_steel":1,"minecraft:andesite":2,"minecraft:oak_sapling":1,"minecraft:golden_sword":1,"minecraft:diamond_boots":1,"minecraft:bow":5,"minecraft:wooden_pickaxe":1},"minecraft:mined":{"minecraft:spruce_planks":2,"minecraft:cobbled_deepslate_stairs":1,"minecraft:sculk_vein":2,"minecraft:obsidian":2,"minecraft:granite":40,"minecraft:budding_amethyst":6,"minecraft:grass_block":785,"minecraft:soul_soil":2,"minecraft:polished_blackstone_brick_slab":1,"minecraft:crimson_fungus":2,"minecraft:spawner":1,"minecraft:polished_blackstone_bricks":2,"minecraft:weeping_vines_plant":2,"minecraft:magma_block":26,"minecraft:glowstone":24,"minecraft:iron_ore":151,"minecraft:cobbled_deepslate":3,"minecraft:fire":62,"minecraft:deepslate_lapis_ore":17,"minecraft:pointed_dripstone":7,"minecraft:small_amethyst_bud":2,"minecraft:green_carpet":1,"minecraft:spruce_wood":2,"minecraft:potted_cornflower":1,"minecraft:player_head":27,"minecraft:spruce_slab":3,"minecraft:deepslate_redstone_ore":16,"minecraft:brown_mushroom":1,"minecraft:red_bed":4,"minecraft:cyan_terracotta":32,"minecraft:crimson_nylium":22,"minecraft:amethyst_cluster":32,"minecraft:oxidized_cut_copper_stairs":1,"minecraft:torch":2,"minecraft:blast_furnace":1,"minecraft:calcite":23,"minecraft:chest":1,"minecraft:nether_quartz_ore":279,"minecraft:cobblestone":24,"minecraft:oak_planks":2,"minecraft:wall_torch":2,"minecraft:amethyst_block":34,"minecraft:skeleton_skull":1,"minecraft:chain":6,"minecraft:nether_wart_block":2,"minecraft:wheat":7,"minecraft:light_gray_wool":5,"minecraft:warped_fungus":1,"minecraft:grass":415,"minecraft:dirt":205,"minecraft:smooth_basalt":23,"minecraft:netherrack":161,"minecraft:oak_leaves":31,"minecraft:deepslate":163,"minecraft:nether_gold_ore":51,"minecraft:dark_prismarine":13,"minecraft:red_carpet":1,"minecraft:tuff":30,"minecraft:deepslate_diamond_ore":5,"minecraft:crimson_roots":13,"minecraft:redstone_wire":2,"minecraft:soul_campfire":9,"minecraft:spruce_leaves":12,"minecraft:large_fern":7,"minecraft:hay_block":4,"minecraft:redstone_ore":1,"minecraft:spruce_sapling":1,"minecraft:furnace":3,"minecraft:acacia_wood":6,"minecraft:andesite":15,"minecraft:deepslate_iron_ore":102,"minecraft:shroomlight":2,"minecraft:cobblestone_slab":3,"minecraft:rail":1,"minecraft:lantern":4,"minecraft:stone":173,"minecraft:oak_slab":1,"minecraft:soul_torch":4,"minecraft:dandelion":4,"minecraft:crafting_table":6,"minecraft:copper_ore":3,"minecraft:tall_grass":11,"minecraft:lapis_ore":3,"minecraft:deepslate_gold_ore":70,"minecraft:polished_blackstone_brick_stairs":2,"minecraft:sculk":41,"minecraft:diorite":3,"minecraft:sea_pickle":1,"minecraft:sweet_berry_bush":8,"minecraft:spruce_log":7,"minecraft:birch_leaves":1,"minecraft:coal_ore":98,"minecraft:gravel":20,"minecraft:dripstone_block":1,"minecraft:acacia_planks":5,"minecraft:polished_blackstone":3,"minecraft:stripped_acacia_wood":1,"minecraft:stone_bricks":2,"minecraft:gold_ore":12,"minecraft:fern":2},"minecraft:custom":{"minecraft:interact_with_crafting_table":78,"minecraft:open_barrel":8,"minecraft:leave_game":4,"minecraft:time_since_death":12025,"minecraft:sprint_one_cm":874022,"minecraft:damage_blocked_by_shield":2310,"minecraft:drop":130,"minecraft:talked_to_villager":1,"minecraft:play_time":478964,"minecraft:deaths":72,"minecraft:jump":7461,"minecraft:walk_on_water_one_cm":51393,"minecraft:interact_with_furnace":49,"minecraft:sleep_in_bed":8,"minecraft:damage_dealt":22715,"minecraft:crouch_one_cm":90950,"minecraft:interact_with_smoker":10,"minecraft:mob_kills":167,"minecraft:interact_with_anvil":11,"minecraft:climb_one_cm":2694,"minecraft:walk_one_cm":1543708,"minecraft:sneak_time":33988,"minecraft:walk_under_water_one_cm":77315,"minecraft:interact_with_blast_furnace":51,"minecraft:total_world_time":478964,"minecraft:interact_with_grindstone":3,"minecraft:interact_with_stonecutter":1,"minecraft:time_since_rest":12057,"minecraft:damage_taken":31126,"minecraft:damage_absorbed":187,"minecraft:swim_one_cm":27363,"minecraft:fly_one_cm":906812,"minecraft:open_chest":265,"minecraft:fall_one_cm":255993},"minecraft:broken":{"minecraft:iron_shovel":3,"minecraft:stone_pickaxe":1,"minecraft:iron_pickaxe":1,"minecraft:iron_helmet":1},"minecraft:used":{"minecraft:iron_shovel":974,"minecraft:chest":4,"minecraft:shield":41,"minecraft:iron_sword":24,"minecraft:player_head":6,"minecraft:rotten_flesh":5,"minecraft:iron_chestplate":1,"minecraft:carrot":1,"minecraft:tuff":1,"minecraft:cyan_terracotta":10,"minecraft:lava_bucket":23,"minecraft:lantern":2,"minecraft:golden_sword":4,"minecraft:bow":160,"minecraft:sweet_berries":55,"minecraft:furnace":5,"minecraft:diorite":1,"minecraft:oak_planks":1,"minecraft:stone_pickaxe":212,"minecraft:wooden_pickaxe":25,"minecraft:diamond_axe":25,"minecraft:golden_apple":7,"minecraft:blast_furnace":1,"minecraft:crossbow":1,"minecraft:netherite_helmet":1,"minecraft:bread":5,"minecraft:gravel":13,"minecraft:diamond_sword":230,"minecraft:andesite":9,"minecraft:experience_bottle":24,"minecraft:flint_and_steel":2,"minecraft:cooked_chicken":6,"minecraft:netherrack":75,"minecraft:torch":84,"minecraft:dirt":674,"minecraft:granite":28,"minecraft:shroomlight":2,"minecraft:wooden_axe":5,"minecraft:iron_axe":55,"minecraft:oak_stairs":10,"minecraft:smooth_basalt":1,"minecraft:light_gray_wool":4,"minecraft:beef":14,"minecraft:soul_soil":1,"minecraft:netherite_pickaxe":350,"minecraft:cooked_beef":39,"minecraft:acacia_planks":9,"minecraft:cobbled_deepslate":116,"minecraft:cooked_mutton":6,"minecraft:water_bucket":63,"minecraft:baked_potato":4,"minecraft:salmon":4,"minecraft:oak_slab":9,"minecraft:crafting_table":9,"minecraft:red_bed":3,"minecraft:smoker":1,"minecraft:diamond_pickaxe":839,"minecraft:apple":7,"minecraft:iron_pickaxe":355,"minecraft:spruce_sapling":2,"minecraft:stone_axe":44,"minecraft:cobblestone":131,"minecraft:cooked_porkchop":15,"minecraft:bucket":89,"minecraft:pumpkin_pie":12,"minecraft:soul_torch":4},"minecraft:killed":{"minecraft:zombified_piglin":5,"minecraft:spider":11,"minecraft:skeleton":33,"minecraft:chicken":6,"minecraft:piglin":14,"minecraft:pig":4,"minecraft:salmon":5,"minecraft:creeper":1,"minecraft:zombie":37,"minecraft:cow":10,"minecraft:slime":2,"minecraft:phantom":7,"minecraft:bat":1,"minecraft:hoglin":13,"minecraft:wither_skeleton":8},"minecraft:killed_by":{"minecraft:zombified_piglin":1,"minecraft:wither_skeleton":25,"minecraft:piglin":2,"minecraft:zombie":1,"minecraft:player":2,"minecraft:hoglin":13,"minecraft:skeleton":18,"minecraft:phantom":1},"minecraft:crafted":{"minecraft:oak_planks":346,"minecraft:cooked_chicken":6,"minecraft:cooked_mutton":14,"minecraft:quartz_block":64,"minecraft:iron_boots":3,"minecraft:chest":4,"minecraft:golden_boots":1,"minecraft:smoker":1,"minecraft:oak_slab":18,"minecraft:cooked_porkchop":10,"minecraft:diamond_axe":1,"minecraft:crafting_table":5,"minecraft:spruce_planks":188,"minecraft:iron_helmet":5,"minecraft:wooden_pickaxe":2,"minecraft:baked_potato":3,"minecraft:copper_ingot":15,"minecraft:gold_block":8,"minecraft:iron_chestplate":5,"minecraft:diamond_pickaxe":1,"minecraft:shield":1,"minecraft:stick":96,"minecraft:iron_ingot":170,"minecraft:iron_pickaxe":7,"minecraft:gold_ingot":78,"minecraft:furnace":4,"minecraft:flint_and_steel":1,"minecraft:iron_axe":3,"minecraft:stone_pickaxe":2,"minecraft:cooked_beef":5,"minecraft:diamond_sword":2,"minecraft:iron_sword":2,"minecraft:bucket":3,"minecraft:stone_axe":4,"minecraft:air":0,"minecraft:golden_apple":6,"minecraft:wooden_axe":1,"minecraft:oak_stairs":12,"minecraft:iron_shovel":4,"minecraft:iron_leggings":6,"minecraft:acacia_planks":16,"minecraft:torch":64,"minecraft:diamond_chestplate":1},"minecraft:picked_up":{"minecraft:wheat":3,"minecraft:flower_pot":1,"minecraft:diamond_sword":1,"minecraft:golden_sword":1,"minecraft:amethyst_block":36,"minecraft:raw_copper":8,"minecraft:polished_blackstone_brick_stairs":2,"minecraft:string":14,"minecraft:soul_soil":20,"minecraft:iron_leggings":1,"minecraft:shroomlight":2,"minecraft:oak_sign":2,"minecraft:sea_pickle":1,"minecraft:gold_nugget":225,"minecraft:cobbled_deepslate":193,"minecraft:spruce_planks":1,"minecraft:cobblestone_slab":3,"minecraft:calcite":23,"minecraft:iron_pickaxe":1,"minecraft:iron_boots":2,"minecraft:furnace":3,"minecraft:tipped_arrow":1,"minecraft:polished_blackstone_brick_slab":1,"minecraft:stick":4,"minecraft:torch":8,"minecraft:porkchop":19,"minecraft:pointed_dripstone":10,"minecraft:diorite":2,"minecraft:golden_chestplate":3,"minecraft:rotten_flesh":33,"minecraft:cyan_terracotta":32,"minecraft:obsidian":4,"minecraft:cobblestone":240,"minecraft:magma_block":19,"minecraft:feather":4,"minecraft:cooked_beef":55,"minecraft:andesite":19,"minecraft:flint":6,"minecraft:tuff":43,"minecraft:lantern":5,"minecraft:lapis_lazuli":141,"minecraft:dirt":1031,"minecraft:bone":76,"minecraft:acacia_planks":5,"minecraft:bow":2,"minecraft:wheat_seeds":85,"minecraft:raw_gold":82,"minecraft:glowstone_dust":78,"minecraft:oak_planks":1,"minecraft:cooked_porkchop":14,"minecraft:stripped_acacia_wood":1,"minecraft:dark_prismarine":11,"minecraft:diamond":23,"minecraft:polished_blackstone_button":1,"minecraft:crossbow":2,"minecraft:granite":34,"minecraft:bone_meal":1,"minecraft:spruce_sign":2,"minecraft:golden_horse_armor":1,"minecraft:oak_sapling":3,"minecraft:netherrack":174,"minecraft:crimson_roots":10,"minecraft:crafting_table":6,"minecraft:chicken":6,"minecraft:brown_mushroom":2,"minecraft:chain":8,"minecraft:cornflower":1,"minecraft:red_bed":4,"minecraft:iron_shovel":2,"minecraft:beef":21,"minecraft:player_head":36,"minecraft:spruce_slab":3,"minecraft:light_gray_wool":5,"minecraft:chest":1,"minecraft:phantom_membrane":4,"minecraft:raw_iron":314,"minecraft:polished_blackstone_bricks":2,"minecraft:carrot":2,"minecraft:redstone":72,"minecraft:netherite_pickaxe":2,"minecraft:arrow":79,"minecraft:diamond_chestplate":1,"minecraft:hay_block":4,"minecraft:polished_blackstone":3,"minecraft:rail":3,"minecraft:skeleton_skull":1,"minecraft:netherite_boots":1,"minecraft:oxidized_cut_copper_stairs":1,"minecraft:crimson_stem":57,"minecraft:salmon":4,"minecraft:leather":7,"minecraft:acacia_wood":6,"minecraft:crimson_fungus":2,"minecraft:oak_log":48,"minecraft:nether_wart_block":2,"minecraft:cobbled_deepslate_stairs":1,"minecraft:gunpowder":4,"minecraft:red_carpet":1,"minecraft:apple":1,"minecraft:stone_bricks":2,"minecraft:spruce_wood":1,"minecraft:iron_ingot":51,"minecraft:iron_sword":1,"minecraft:oak_slab":1,"minecraft:smooth_basalt":35,"minecraft:sweet_berries":78,"minecraft:quartz":513,"minecraft:dandelion":3,"minecraft:dripstone_block":1,"minecraft:gravel":18,"minecraft:lava_bucket":1,"minecraft:amethyst_shard":126,"minecraft:blast_furnace":1,"minecraft:spruce_sapling":3,"minecraft:soul_torch":4,"minecraft:spruce_log":69,"minecraft:spider_eye":4,"minecraft:slime_ball":2,"minecraft:stone_axe":3,"minecraft:iron_helmet":3,"minecraft:coal":136}},"DataVersion":3463}