{"stats":{"minecraft:dropped":{"minecraft:crimson_stem":3,"minecraft:lapis_lazuli":37,"minecraft:baked_potato":1,"minecraft:diamond":26,"minecraft:leather":13,"minecraft:flint":2,"minecraft:dirt":17,"minecraft:crimson_roots":2,"minecraft:netherite_boots":1,"minecraft:iron_pickaxe":1,"minecraft:gold_ingot":66,"minecraft:bone":3,"minecraft:gravel":47,"minecraft:stone_axe":2,"minecraft:spyglass":1,"minecraft:cobbled_deepslate":8,"minecraft:pointed_dripstone":32,"minecraft:obsidian":4,"minecraft:rotten_flesh":17,"minecraft:enchanted_golden_apple":1,"minecraft:carrot":1,"minecraft:tipped_arrow":1,"minecraft:gunpowder":2,"minecraft:beef":4,"minecraft:enchanted_book":1,"minecraft:bread":3,"minecraft:wheat_seeds":163,"minecraft:golden_horse_armor":1,"minecraft:dripstone_block":12,"minecraft:feather":6,"minecraft:apple":4,"minecraft:polished_blackstone_button":1,"minecraft:coal":1,"minecraft:golden_apple":7,"minecraft:gray_wool":1,"minecraft:diorite":4,"minecraft:golden_carrot":8,"minecraft:wooden_hoe":2,"minecraft:wooden_axe":2,"minecraft:string":5,"minecraft:spruce_sapling":1,"minecraft:redstone":1,"minecraft:soul_soil":9,"minecraft:player_head":6,"minecraft:tuff":11,"minecraft:experience_bottle":6,"minecraft:raw_iron":5,"minecraft:light_gray_wool":2,"minecraft:flint_and_steel":1,"minecraft:diamond_sword":1,"minecraft:diamond_pickaxe":1,"minecraft:andesite":2,"minecraft:oak_sapling":6,"minecraft:golden_sword":1,"minecraft:diamond_boots":1,"minecraft:bow":5,"minecraft:wooden_pickaxe":1,"minecraft:magma_block":30},"minecraft:mined":{"minecraft:spruce_planks":2,"minecraft:oak_sapling":1,"minecraft:cobbled_deepslate_stairs":1,"minecraft:sculk_vein":2,"minecraft:obsidian":2,"minecraft:granite":53,"minecraft:budding_amethyst":6,"minecraft:grass_block":796,"minecraft:cracked_polished_blackstone_bricks":63,"minecraft:soul_soil":2,"minecraft:polished_blackstone_brick_slab":1,"minecraft:crimson_fungus":3,"minecraft:gilded_blackstone":12,"minecraft:spawner":1,"minecraft:polished_blackstone_bricks":182,"minecraft:weeping_vines_plant":3,"minecraft:magma_block":50,"minecraft:glowstone":24,"minecraft:iron_ore":232,"minecraft:cobbled_deepslate":4,"minecraft:fire":74,"minecraft:deepslate_lapis_ore":39,"minecraft:pointed_dripstone":33,"minecraft:oak_stairs":10,"minecraft:small_amethyst_bud":2,"minecraft:green_carpet":1,"minecraft:spruce_wood":2,"minecraft:potted_cornflower":1,"minecraft:player_head":27,"minecraft:spruce_slab":3,"minecraft:deepslate_redstone_ore":43,"minecraft:brown_mushroom":1,"minecraft:red_bed":4,"minecraft:cyan_terracotta":32,"minecraft:blackstone":96,"minecraft:crimson_nylium":24,"minecraft:amethyst_cluster":32,"minecraft:oxidized_cut_copper_stairs":1,"minecraft:torch":21,"minecraft:blast_furnace":1,"minecraft:calcite":23,"minecraft:chest":1,"minecraft:nether_quartz_ore":324,"minecraft:cobblestone":42,"minecraft:oak_planks":2,"minecraft:wall_torch":17,"minecraft:amethyst_block":34,"minecraft:skeleton_skull":1,"minecraft:chain":6,"minecraft:nether_wart_block":4,"minecraft:birch_log":11,"minecraft:wheat":47,"minecraft:light_gray_wool":5,"minecraft:warped_fungus":1,"minecraft:grass":431,"minecraft:oak_log":3,"minecraft:dirt":248,"minecraft:smooth_basalt":23,"minecraft:netherrack":481,"minecraft:stripped_crimson_stem":4,"minecraft:oak_leaves":63,"minecraft:deepslate":337,"minecraft:yellow_terracotta":4,"minecraft:nether_gold_ore":77,"minecraft:dark_prismarine":13,"minecraft:diamond_ore":1,"minecraft:red_carpet":1,"minecraft:tuff":37,"minecraft:deepslate_diamond_ore":8,"minecraft:glow_lichen":1,"minecraft:crimson_roots":17,"minecraft:weeping_vines":2,"minecraft:redstone_wire":2,"minecraft:soul_campfire":9,"minecraft:spruce_leaves":16,"minecraft:red_mushroom":4,"minecraft:large_fern":7,"minecraft:hay_block":4,"minecraft:redstone_ore":6,"minecraft:spruce_sapling":1,"minecraft:furnace":4,"minecraft:acacia_wood":6,"minecraft:andesite":36,"minecraft:deepslate_iron_ore":142,"minecraft:shroomlight":2,"minecraft:cobblestone_slab":3,"minecraft:rail":1,"minecraft:lantern":5,"minecraft:stone":516,"minecraft:oak_slab":9,"minecraft:soul_torch":4,"minecraft:basalt":5,"minecraft:dandelion":4,"minecraft:crafting_table":8,"minecraft:crimson_slab":8,"minecraft:tall_grass":16,"minecraft:copper_ore":12,"minecraft:deepslate_gold_ore":101,"minecraft:lapis_ore":24,"minecraft:polished_blackstone_brick_stairs":13,"minecraft:sculk":41,"minecraft:diorite":5,"minecraft:sea_pickle":1,"minecraft:sweet_berry_bush":61,"minecraft:spruce_log":7,"minecraft:birch_leaves":1,"minecraft:coal_ore":414,"minecraft:gravel":64,"minecraft:dripstone_block":4,"minecraft:acacia_planks":5,"minecraft:stripped_acacia_wood":1,"minecraft:polished_blackstone":3,"minecraft:stone_bricks":2,"minecraft:gold_ore":17,"minecraft:fern":2,"minecraft:warped_slab":2},"minecraft:custom":{"minecraft:interact_with_crafting_table":137,"minecraft:open_barrel":22,"minecraft:leave_game":13,"minecraft:time_since_death":4127,"minecraft:sprint_one_cm":1586264,"minecraft:damage_blocked_by_shield":2550,"minecraft:drop":174,"minecraft:talked_to_villager":5,"minecraft:play_time":893351,"minecraft:deaths":91,"minecraft:jump":13322,"minecraft:walk_on_water_one_cm":83162,"minecraft:interact_with_furnace":70,"minecraft:sleep_in_bed":11,"minecraft:damage_dealt":44808,"minecraft:crouch_one_cm":182812,"minecraft:interact_with_smoker":17,"minecraft:horse_one_cm":39567,"minecraft:interact_with_anvil":11,"minecraft:mob_kills":303,"minecraft:climb_one_cm":3563,"minecraft:walk_one_cm":2773596,"minecraft:sneak_time":72841,"minecraft:walk_under_water_one_cm":117582,"minecraft:interact_with_blast_furnace":80,"minecraft:total_world_time":893351,"minecraft:interact_with_grindstone":3,"minecraft:interact_with_stonecutter":1,"minecraft:time_since_rest":4162,"minecraft:damage_taken":44079,"minecraft:damage_absorbed":187,"minecraft:swim_one_cm":64403,"minecraft:fly_one_cm":1702181,"minecraft:open_chest":420,"minecraft:fall_one_cm":391099},"minecraft:broken":{"minecraft:iron_shovel":3,"minecraft:stone_pickaxe":6,"minecraft:stone_axe":1,"minecraft:leather_helmet":1,"minecraft:stone_sword":1,"minecraft:chainmail_helmet":1,"minecraft:iron_pickaxe":3,"minecraft:iron_helmet":1},"minecraft:used":{"minecraft:iron_shovel":974,"minecraft:ladder":1,"minecraft:chest":5,"minecraft:shield":44,"minecraft:iron_sword":214,"minecraft:player_head":6,"minecraft:rotten_flesh":20,"minecraft:iron_chestplate":1,"minecraft:carrot":1,"minecraft:tuff":22,"minecraft:cyan_terracotta":10,"minecraft:lava_bucket":27,"minecraft:lantern":2,"minecraft:golden_sword":19,"minecraft:bow":163,"minecraft:sweet_berries":576,"minecraft:oak_sapling":5,"minecraft:furnace":7,"minecraft:diorite":1,"minecraft:oak_planks":1,"minecraft:stone_pickaxe":735,"minecraft:blackstone":35,"minecraft:wooden_pickaxe":25,"minecraft:diamond_axe":25,"minecraft:golden_apple":7,"minecraft:blast_furnace":1,"minecraft:crossbow":1,"minecraft:netherite_helmet":1,"minecraft:bread":19,"minecraft:gravel":13,"minecraft:nether_wart_block":2,"minecraft:diamond_sword":230,"minecraft:andesite":29,"minecraft:experience_bottle":24,"minecraft:stone_sword":103,"minecraft:flint_and_steel":2,"minecraft:cooked_salmon":14,"minecraft:cooked_chicken":6,"minecraft:netherrack":188,"minecraft:torch":217,"minecraft:dirt":924,"minecraft:granite":28,"minecraft:shroomlight":2,"minecraft:wooden_axe":23,"minecraft:iron_axe":55,"minecraft:oak_stairs":21,"minecraft:polished_blackstone_brick_stairs":2,"minecraft:smooth_basalt":1,"minecraft:light_gray_wool":4,"minecraft:beef":14,"minecraft:soul_soil":1,"minecraft:netherite_pickaxe":662,"minecraft:cooked_beef":50,"minecraft:cobbled_deepslate":224,"minecraft:acacia_planks":9,"minecraft:golden_axe":7,"minecraft:wheat_seeds":43,"minecraft:cooked_mutton":10,"minecraft:water_bucket":63,"minecraft:baked_potato":4,"minecraft:polished_blackstone_bricks":43,"minecraft:salmon":4,"minecraft:oak_slab":18,"minecraft:crafting_table":12,"minecraft:red_bed":3,"minecraft:smoker":1,"minecraft:wooden_hoe":3,"minecraft:diamond_pickaxe":839,"minecraft:apple":7,"minecraft:iron_pickaxe":1523,"minecraft:spruce_sapling":2,"minecraft:stone_axe":167,"minecraft:crimson_fungus":1,"minecraft:cobblestone":386,"minecraft:porkchop":2,"minecraft:cooked_porkchop":36,"minecraft:bucket":93,"minecraft:pumpkin_pie":31,"minecraft:soul_torch":4},"minecraft:killed":{"minecraft:zombified_piglin":5,"minecraft:spider":13,"minecraft:skeleton":54,"minecraft:chicken":8,"minecraft:piglin":16,"minecraft:pig":14,"minecraft:salmon":19,"minecraft:creeper":3,"minecraft:sheep":13,"minecraft:pillager":2,"minecraft:zombie":81,"minecraft:blaze":7,"minecraft:cow":13,"minecraft:slime":2,"minecraft:phantom":7,"minecraft:bat":3,"minecraft:hoglin":18,"minecraft:wither_skeleton":9},"minecraft:killed_by":{"minecraft:piglin_brute":1,"minecraft:zombified_piglin":1,"minecraft:wither_skeleton":26,"minecraft:creeper":2,"minecraft:piglin":3,"minecraft:blaze":1,"minecraft:zombie":2,"minecraft:player":5,"minecraft:enderman":1,"minecraft:hoglin":16,"minecraft:skeleton":20,"minecraft:phantom":1},"minecraft:crafted":{"minecraft:oak_planks":530,"minecraft:cooked_chicken":6,"minecraft:cooked_mutton":18,"minecraft:quartz_block":64,"minecraft:iron_boots":5,"minecraft:chest":5,"minecraft:golden_boots":6,"minecraft:smoker":1,"minecraft:golden_axe":1,"minecraft:oak_slab":18,"minecraft:cooked_porkchop":36,"minecraft:diamond_axe":1,"minecraft:crafting_table":6,"minecraft:spruce_planks":188,"minecraft:iron_helmet":9,"minecraft:wooden_pickaxe":2,"minecraft:baked_potato":3,"minecraft:golden_pickaxe":1,"minecraft:copper_ingot":15,"minecraft:gold_block":8,"minecraft:birch_planks":44,"minecraft:wooden_hoe":1,"minecraft:iron_chestplate":9,"minecraft:diamond_pickaxe":1,"minecraft:shield":1,"minecraft:stick":168,"minecraft:iron_ingot":302,"minecraft:iron_pickaxe":13,"minecraft:gold_ingot":102,"minecraft:furnace":5,"minecraft:bone_meal":15,"minecraft:flint_and_steel":1,"minecraft:iron_axe":3,"minecraft:stone_pickaxe":4,"minecraft:golden_helmet":1,"minecraft:cooked_beef":11,"minecraft:diamond_sword":2,"minecraft:iron_sword":5,"minecraft:cooked_salmon":14,"minecraft:bucket":3,"minecraft:stone_axe":7,"minecraft:bread":14,"minecraft:air":0,"minecraft:golden_apple":6,"minecraft:wooden_axe":2,"minecraft:oak_stairs":12,"minecraft:iron_shovel":4,"minecraft:iron_leggings":11,"minecraft:acacia_planks":16,"minecraft:torch":172,"minecraft:diamond_chestplate":1},"minecraft:picked_up":{"minecraft:wooden_axe":1,"minecraft:iron_chestplate":3,"minecraft:wheat":46,"minecraft:flower_pot":1,"minecraft:diamond_sword":2,"minecraft:oak_stairs":13,"minecraft:gilded_blackstone":9,"minecraft:golden_sword":1,"minecraft:amethyst_block":69,"minecraft:polished_blackstone_brick_stairs":4,"minecraft:string":16,"minecraft:raw_copper":52,"minecraft:soul_soil":20,"minecraft:iron_leggings":5,"minecraft:shroomlight":2,"minecraft:oak_sign":2,"minecraft:sea_pickle":1,"minecraft:gold_nugget":326,"minecraft:cobbled_deepslate":391,"minecraft:bucket":1,"minecraft:spruce_planks":6,"minecraft:warped_slab":2,"minecraft:cobblestone_slab":3,"minecraft:calcite":31,"minecraft:iron_pickaxe":8,"minecraft:furnace":4,"minecraft:iron_boots":4,"minecraft:tipped_arrow":1,"minecraft:polished_blackstone_brick_slab":2,"minecraft:stick":66,"minecraft:torch":130,"minecraft:porkchop":53,"minecraft:golden_axe":1,"minecraft:pointed_dripstone":46,"minecraft:diorite":8,"minecraft:golden_chestplate":4,"minecraft:quartz_block":64,"minecraft:stone_sword":1,"minecraft:rotten_flesh":147,"minecraft:cyan_terracotta":32,"minecraft:blaze_rod":2,"minecraft:obsidian":4,"minecraft:cobblestone":625,"minecraft:birch_log":38,"minecraft:magma_block":49,"minecraft:feather":8,"minecraft:cooked_beef":77,"minecraft:water_bucket":1,"minecraft:andesite":70,"minecraft:potato":2,"minecraft:flint":8,"minecraft:tuff":64,"minecraft:lantern":6,"minecraft:lapis_lazuli":509,"minecraft:dirt":1301,"minecraft:bone":99,"minecraft:acacia_planks":5,"minecraft:bow":4,"minecraft:wheat_seeds":233,"minecraft:raw_gold":123,"minecraft:glowstone_dust":78,"minecraft:oak_planks":230,"minecraft:cooked_porkchop":31,"minecraft:stripped_acacia_wood":1,"minecraft:stripped_crimson_stem":3,"minecraft:dark_prismarine":11,"minecraft:diamond":27,"minecraft:polished_blackstone_button":1,"minecraft:cracked_polished_blackstone_bricks":53,"minecraft:crossbow":4,"minecraft:granite":73,"minecraft:bone_meal":2,"minecraft:golden_apple":2,"minecraft:spruce_sign":2,"minecraft:golden_horse_armor":2,"minecraft:oak_sapling":14,"minecraft:netherrack":484,"minecraft:crimson_roots":16,"minecraft:diamond_pickaxe":1,"minecraft:crafting_table":9,"minecraft:splash_potion":2,"minecraft:chicken":8,"minecraft:ladder":1,"minecraft:leather_leggings":2,"minecraft:brown_mushroom":2,"minecraft:chain":8,"minecraft:shield":1,"minecraft:cornflower":1,"minecraft:red_bed":4,"minecraft:iron_axe":2,"minecraft:flint_and_steel":1,"minecraft:iron_shovel":3,"minecraft:blackstone":92,"minecraft:stripped_warped_stem":3,"minecraft:beef":27,"minecraft:player_head":36,"minecraft:spruce_slab":3,"minecraft:light_gray_wool":8,"minecraft:chest":3,"minecraft:phantom_membrane":8,"minecraft:raw_iron":478,"minecraft:polished_blackstone_bricks":144,"minecraft:carrot":2,"minecraft:redstone":241,"minecraft:netherite_pickaxe":2,"minecraft:arrow":96,"minecraft:diamond_chestplate":1,"minecraft:pumpkin_pie":24,"minecraft:hay_block":4,"minecraft:yellow_terracotta":4,"minecraft:gold_ingot":64,"minecraft:polished_blackstone":3,"minecraft:mutton":18,"minecraft:white_wool":11,"minecraft:rail":3,"minecraft:skeleton_skull":1,"minecraft:crimson_slab":8,"minecraft:netherite_boots":1,"minecraft:oxidized_cut_copper_stairs":1,"minecraft:basalt":2,"minecraft:crimson_stem":123,"minecraft:salmon":18,"minecraft:leather":21,"minecraft:red_mushroom":2,"minecraft:acacia_wood":6,"minecraft:crimson_fungus":3,"minecraft:oak_log":209,"minecraft:nether_wart_block":6,"minecraft:golden_boots":1,"minecraft:cobbled_deepslate_stairs":1,"minecraft:gunpowder":6,"minecraft:wooden_hoe":1,"minecraft:white_banner":1,"minecraft:red_carpet":1,"minecraft:stone_bricks":2,"minecraft:apple":1,"minecraft:spruce_wood":1,"minecraft:iron_ingot":54,"minecraft:iron_sword":5,"minecraft:oak_slab":20,"minecraft:smooth_basalt":35,"minecraft:sweet_berries":684,"minecraft:quartz":558,"minecraft:dandelion":3,"minecraft:spyglass":1,"minecraft:dripstone_block":13,"minecraft:gravel":69,"minecraft:lava_bucket":1,"minecraft:amethyst_shard":154,"minecraft:blast_furnace":1,"minecraft:spruce_sapling":3,"minecraft:soul_torch":4,"minecraft:spruce_log":73,"minecraft:spider_eye":4,"minecraft:leather_helmet":1,"minecraft:slime_ball":2,"minecraft:stone_axe":5,"minecraft:iron_helmet":6,"minecraft:gray_wool":2,"minecraft:coal":667}},"DataVersion":3463}