{"stats":{"minecraft:killed_by":{"minecraft:skeleton":1},"minecraft:mined":{"minecraft:acacia_log":13,"minecraft:acacia_leaves":1,"minecraft:crafting_table":1},"minecraft:picked_up":{"minecraft:crafting_table":1,"minecraft:acacia_log":13,"minecraft:mutton":2,"minecraft:white_wool":1},"minecraft:killed":{"minecraft:sheep":1},"minecraft:custom":{"minecraft:time_since_rest":731,"minecraft:crouch_one_cm":174,"minecraft:play_time":7005,"minecraft:sprint_one_cm":18667,"minecraft:walk_one_cm":15940,"minecraft:damage_taken":540,"minecraft:deaths":2,"minecraft:sneak_time":163,"minecraft:walk_under_water_one_cm":960,"minecraft:mob_kills":1,"minecraft:jump":106,"minecraft:damage_dealt":97,"minecraft:leave_game":1,"minecraft:time_since_death":597,"minecraft:walk_on_water_one_cm":1067,"minecraft:total_world_time":7005,"minecraft:swim_one_cm":3610,"minecraft:interact_with_crafting_table":1,"minecraft:fall_one_cm":4085,"minecraft:fly_one_cm":22033},"minecraft:crafted":{"minecraft:acacia_planks":52,"minecraft:crafting_table":1,"minecraft:stick":4,"minecraft:wooden_pickaxe":1,"minecraft:wooden_axe":1},"minecraft:used":{"minecraft:wooden_axe":2,"minecraft:crafting_table":1}},"DataVersion":3463}