{"stats":{"minecraft:killed_by":{"minecraft:skeleton":1,"minecraft:spider":1},"minecraft:mined":{"minecraft:acacia_leaves":1,"minecraft:red_bed":1,"minecraft:crafting_table":2,"minecraft:acacia_log":20,"minecraft:grass_block":2,"minecraft:dead_bush":35,"minecraft:tall_grass":3,"minecraft:polished_blackstone_bricks":1,"minecraft:furnace":1,"minecraft:iron_ore":4,"minecraft:andesite":1,"minecraft:gold_block":8,"minecraft:grass":29,"minecraft:coal_ore":54,"minecraft:dirt":5,"minecraft:black_candle":1,"minecraft:stone":25},"minecraft:dropped":{"minecraft:wheat_seeds":1,"minecraft:lapis_lazuli":1,"minecraft:andesite_slab":1,"minecraft:feather":1,"minecraft:stone_slab":4,"minecraft:andesite":3},"minecraft:custom":{"minecraft:interact_with_furnace":44,"minecraft:mob_kills":41,"minecraft:interact_with_anvil":1,"minecraft:interact_with_crafting_table":10,"minecraft:open_barrel":7,"minecraft:bell_ring":1,"minecraft:leave_game":7,"minecraft:time_since_death":797,"minecraft:time_since_rest":870,"minecraft:sprint_one_cm":107208,"minecraft:damage_taken":800,"minecraft:walk_one_cm":128717,"minecraft:drop":6,"minecraft:damage_dealt":3528,"minecraft:swim_one_cm":20821,"minecraft:fly_one_cm":138004,"minecraft:open_chest":46,"minecraft:crouch_one_cm":901,"minecraft:play_time":44425,"minecraft:deaths":3,"minecraft:sneak_time":487,"minecraft:walk_under_water_one_cm":10135,"minecraft:jump":746,"minecraft:walk_on_water_one_cm":4525,"minecraft:total_world_time":44425,"minecraft:fall_one_cm":14090},"minecraft:picked_up":{"minecraft:crafting_table":2,"minecraft:feather":1,"minecraft:chicken":2,"minecraft:andesite":1,"minecraft:salmon":7,"minecraft:leather":12,"minecraft:gold_block":8,"minecraft:dirt":7,"minecraft:red_bed":1,"minecraft:wheat_seeds":1,"minecraft:beef":21,"minecraft:furnace":1,"minecraft:raw_iron":4,"minecraft:stick":30,"minecraft:black_candle":3,"minecraft:acacia_log":20,"minecraft:porkchop":31,"minecraft:polished_blackstone_bricks":1,"minecraft:bone_meal":2,"minecraft:spruce_sign":1,"minecraft:mutton":9,"minecraft:coal":54,"minecraft:white_wool":6,"minecraft:cobblestone":25},"minecraft:killed":{"minecraft:cat":1,"minecraft:pig":15,"minecraft:salmon":7,"minecraft:sheep":6,"minecraft:chicken":2,"minecraft:cow":10},"minecraft:crafted":{"minecraft:cooked_beef":3,"minecraft:crafting_table":1,"minecraft:wooden_pickaxe":1,"minecraft:cooked_chicken":3,"minecraft:stone_axe":2,"minecraft:air":0,"minecraft:stick":4,"minecraft:iron_ingot":11,"minecraft:wooden_axe":1,"minecraft:acacia_planks":52},"minecraft:used":{"minecraft:dirt":8,"minecraft:crafting_table":1,"minecraft:wooden_axe":2,"minecraft:iron_pickaxe":95,"minecraft:stone_axe":79,"minecraft:cooked_beef":3}},"DataVersion":3463}