{"stats":{"minecraft:mined":{"minecraft:grass":2,"minecraft:acacia_log":2},"minecraft:picked_up":{"minecraft:acacia_log":2},"minecraft:custom":{"minecraft:jump":71,"minecraft:time_since_rest":3241,"minecraft:crouch_one_cm":274,"minecraft:walk_on_water_one_cm":220,"minecraft:sprint_one_cm":11343,"minecraft:play_time":3241,"minecraft:damage_taken":10,"minecraft:time_since_death":3241,"minecraft:walk_one_cm":8645,"minecraft:sneak_time":215,"minecraft:total_world_time":3241,"minecraft:fall_one_cm":1231,"minecraft:fly_one_cm":14332}},"DataVersion":3463}