{"stats":{"minecraft:killed_by":{"minecraft:husk":1,"minecraft:skeleton":2},"minecraft:mined":{"minecraft:acacia_leaves":1,"minecraft:spruce_planks":4,"minecraft:mangrove_stairs":1,"minecraft:crafting_table":6,"minecraft:acacia_log":10,"minecraft:tall_grass":2,"minecraft:coal_block":1,"minecraft:cobblestone":5,"minecraft:mangrove_trapdoor":3,"minecraft:cyan_bed":2,"minecraft:cartography_table":1,"minecraft:hay_block":2,"minecraft:raw_iron_block":4,"minecraft:raw_gold_block":1,"minecraft:iron_ore":15,"minecraft:spruce_log":3,"minecraft:grass":9,"minecraft:mangrove_slab":1,"minecraft:coal_ore":11,"minecraft:oak_log":5,"minecraft:azalea_leaves":4,"minecraft:stone":24,"minecraft:player_head":2,"minecraft:spruce_slab":6,"minecraft:emerald_block":1,"minecraft:orange_bed":4},"minecraft:killed":{"minecraft:zombie":3,"minecraft:chicken":2},"minecraft:custom":{"minecraft:mob_kills":5,"minecraft:inspect_hopper":1,"minecraft:interact_with_crafting_table":8,"minecraft:interact_with_cartography_table":1,"minecraft:open_barrel":13,"minecraft:time_since_death":15734,"minecraft:time_since_rest":15762,"minecraft:sprint_one_cm":79808,"minecraft:damage_taken":990,"minecraft:walk_one_cm":180010,"minecraft:damage_blocked_by_shield":3120,"minecraft:damage_dealt":726,"minecraft:swim_one_cm":14179,"minecraft:talked_to_villager":1,"minecraft:fly_one_cm":127856,"minecraft:open_chest":6,"minecraft:crouch_one_cm":18948,"minecraft:play_time":51241,"minecraft:deaths":3,"minecraft:sneak_time":6710,"minecraft:walk_under_water_one_cm":1870,"minecraft:jump":635,"minecraft:interact_with_blast_furnace":3,"minecraft:walk_on_water_one_cm":2574,"minecraft:total_world_time":51241,"minecraft:interact_with_smoker":1,"minecraft:fall_one_cm":14152},"minecraft:picked_up":{"minecraft:crafting_table":6,"minecraft:feather":4,"minecraft:chicken":2,"minecraft:potato":1,"minecraft:oak_log":5,"minecraft:mangrove_slab":2,"minecraft:lantern":3,"minecraft:cooked_mutton":1,"minecraft:bone":2,"minecraft:wheat_seeds":1,"minecraft:cartography_table":1,"minecraft:spruce_planks":4,"minecraft:player_head":2,"minecraft:spruce_slab":6,"minecraft:coal_block":1,"minecraft:raw_iron":15,"minecraft:emerald_block":1,"minecraft:raw_gold_block":1,"minecraft:acacia_log":10,"minecraft:raw_iron_block":4,"minecraft:spruce_log":3,"minecraft:cyan_bed":2,"minecraft:mangrove_trapdoor":3,"minecraft:orange_bed":3,"minecraft:arrow":2,"minecraft:mangrove_stairs":1,"minecraft:rotten_flesh":3,"minecraft:hay_block":2,"minecraft:golden_apple":1,"minecraft:spruce_sign":12,"minecraft:coal":11,"minecraft:cobblestone":29},"minecraft:crafted":{"minecraft:oak_planks":12,"minecraft:crafting_table":2,"minecraft:wooden_pickaxe":3,"minecraft:iron_sword":1,"minecraft:bread":5,"minecraft:shield":1,"minecraft:stick":24,"minecraft:iron_pickaxe":1,"minecraft:stone_pickaxe":1,"minecraft:wooden_axe":3,"minecraft:acacia_planks":36,"minecraft:wheat":18},"minecraft:used":{"minecraft:beetroot":5,"minecraft:spruce_slab":5,"minecraft:stone_pickaxe":37,"minecraft:wooden_pickaxe":31,"minecraft:shield":26,"minecraft:iron_sword":1,"minecraft:rotten_flesh":1,"minecraft:mangrove_trapdoor":2,"minecraft:crafting_table":6,"minecraft:oak_log":2,"minecraft:wooden_axe":48,"minecraft:chicken":1,"minecraft:bread":4,"minecraft:iron_pickaxe":2,"minecraft:cobblestone":13,"minecraft:potato":2},"minecraft:broken":{"minecraft:shield":1}},"DataVersion":3463}