{"stats":{"minecraft:killed_by":{"minecraft:husk":1,"minecraft:skeleton":1},"minecraft:mined":{"minecraft:acacia_leaves":1,"minecraft:spruce_planks":4,"minecraft:mangrove_stairs":1,"minecraft:raw_gold_block":1,"minecraft:spruce_log":3,"minecraft:crafting_table":3,"minecraft:mangrove_slab":1,"minecraft:grass":3,"minecraft:acacia_log":10,"minecraft:cobblestone":5,"minecraft:azalea_leaves":4,"minecraft:cyan_bed":2,"minecraft:stone":11,"minecraft:cartography_table":1,"minecraft:player_head":2,"minecraft:spruce_slab":6,"minecraft:emerald_block":1,"minecraft:orange_bed":4},"minecraft:killed":{"minecraft:zombie":3},"minecraft:picked_up":{"minecraft:raw_gold_block":1,"minecraft:crafting_table":3,"minecraft:emerald_block":1,"minecraft:acacia_log":10,"minecraft:spruce_log":3,"minecraft:cyan_bed":2,"minecraft:mangrove_slab":2,"minecraft:orange_bed":3,"minecraft:mangrove_stairs":1,"minecraft:rotten_flesh":3,"minecraft:cartography_table":1,"minecraft:spruce_planks":4,"minecraft:player_head":2,"minecraft:spruce_slab":6,"minecraft:cobblestone":16},"minecraft:custom":{"minecraft:time_since_rest":2469,"minecraft:damage_blocked_by_shield":3120,"minecraft:sprint_one_cm":41653,"minecraft:damage_taken":640,"minecraft:walk_one_cm":90338,"minecraft:mob_kills":3,"minecraft:damage_dealt":625,"minecraft:interact_with_cartography_table":1,"minecraft:swim_one_cm":1493,"minecraft:interact_with_crafting_table":5,"minecraft:fly_one_cm":61939,"minecraft:open_barrel":3,"minecraft:open_chest":2,"minecraft:crouch_one_cm":17617,"minecraft:play_time":27241,"minecraft:deaths":2,"minecraft:sneak_time":5310,"minecraft:walk_under_water_one_cm":441,"minecraft:jump":348,"minecraft:interact_with_blast_furnace":2,"minecraft:walk_on_water_one_cm":813,"minecraft:time_since_death":2435,"minecraft:interact_with_smoker":1,"minecraft:total_world_time":27241,"minecraft:fall_one_cm":6361},"minecraft:crafted":{"minecraft:shield":1,"minecraft:crafting_table":2,"minecraft:stick":16,"minecraft:wooden_pickaxe":2,"minecraft:iron_pickaxe":1,"minecraft:wooden_axe":2,"minecraft:iron_sword":1,"minecraft:acacia_planks":36},"minecraft:used":{"minecraft:wooden_axe":40,"minecraft:spruce_slab":5,"minecraft:bread":3,"minecraft:iron_pickaxe":2,"minecraft:shield":26,"minecraft:wooden_pickaxe":19,"minecraft:iron_sword":1,"minecraft:rotten_flesh":1,"minecraft:cobblestone":13,"minecraft:crafting_table":3},"minecraft:broken":{"minecraft:shield":1}},"DataVersion":3463}