{"stats":{"minecraft:killed_by":{"minecraft:husk":1,"minecraft:creeper":3,"minecraft:skeleton":2,"minecraft:zombie":2},"minecraft:mined":{"minecraft:yellow_terracotta":4,"minecraft:dark_prismarine":3,"minecraft:spruce_planks":4,"minecraft:white_bed":2,"minecraft:acacia_log":48,"minecraft:grass_block":4,"minecraft:coal_block":1,"minecraft:mangrove_trapdoor":3,"minecraft:cartography_table":1,"minecraft:hay_block":6,"minecraft:smooth_stone":1,"minecraft:raw_iron_block":4,"minecraft:furnace":1,"minecraft:raw_gold_block":1,"minecraft:iron_ore":20,"minecraft:fire":3,"minecraft:andesite":12,"minecraft:vine":4,"minecraft:cobblestone_slab":1,"minecraft:azalea_leaves":4,"minecraft:stone":42,"minecraft:player_head":2,"minecraft:spruce_slab":6,"minecraft:orange_bed":4,"minecraft:acacia_leaves":3,"minecraft:mangrove_stairs":1,"minecraft:crafting_table":13,"minecraft:melon":3,"minecraft:andesite_slab":1,"minecraft:stone_slab":2,"minecraft:cobblestone":10,"minecraft:tall_grass":6,"minecraft:cyan_bed":2,"minecraft:diorite":1,"minecraft:wall_torch":2,"minecraft:wheat":53,"minecraft:spruce_log":3,"minecraft:white_wall_banner":1,"minecraft:grass":32,"minecraft:mangrove_slab":1,"minecraft:oak_log":55,"minecraft:coal_ore":21,"minecraft:dirt":14,"minecraft:oak_leaves":7,"minecraft:emerald_block":1},"minecraft:dropped":{"minecraft:iron_ingot":21,"minecraft:wooden_axe":1},"minecraft:killed":{"minecraft:spider":3,"minecraft:chicken":2,"minecraft:sheep":3,"minecraft:zombie":16},"minecraft:custom":{"minecraft:mob_kills":25,"minecraft:inspect_hopper":1,"minecraft:interact_with_crafting_table":39,"minecraft:open_barrel":21,"minecraft:bell_ring":1,"minecraft:leave_game":1,"minecraft:time_since_death":35443,"minecraft:climb_one_cm":4454,"minecraft:sprint_one_cm":322421,"minecraft:walk_one_cm":524411,"minecraft:damage_blocked_by_shield":3120,"minecraft:drop":2,"minecraft:talked_to_villager":39,"minecraft:play_time":167434,"minecraft:deaths":8,"minecraft:sneak_time":9897,"minecraft:walk_under_water_one_cm":3817,"minecraft:jump":2522,"minecraft:interact_with_blast_furnace":3,"minecraft:walk_on_water_one_cm":9382,"minecraft:total_world_time":167434,"minecraft:interact_with_furnace":21,"minecraft:traded_with_villager":20,"minecraft:interact_with_cartography_table":1,"minecraft:sleep_in_bed":3,"minecraft:time_since_rest":18550,"minecraft:damage_taken":2825,"minecraft:damage_dealt":4047,"minecraft:swim_one_cm":29195,"minecraft:fly_one_cm":522432,"minecraft:open_chest":32,"minecraft:crouch_one_cm":23382,"minecraft:interact_with_smoker":1,"minecraft:fall_one_cm":62209},"minecraft:picked_up":{"minecraft:crafting_table":14,"minecraft:iron_chestplate":5,"minecraft:wheat":213,"minecraft:chicken":2,"minecraft:stone_slab":4,"minecraft:wooden_pickaxe":5,"minecraft:iron_axe":5,"minecraft:iron_leggings":5,"minecraft:cartography_table":1,"minecraft:smooth_stone":6,"minecraft:bucket":5,"minecraft:spruce_planks":4,"minecraft:cobblestone_slab":1,"minecraft:player_head":2,"minecraft:spruce_slab":6,"minecraft:melon_slice":108,"minecraft:coal_block":1,"minecraft:iron_boots":5,"minecraft:furnace":6,"minecraft:stick":66,"minecraft:raw_iron":20,"minecraft:acacia_fence":2,"minecraft:raw_gold_block":1,"minecraft:torch":55,"minecraft:acacia_log":51,"minecraft:diorite":6,"minecraft:carrot":1,"minecraft:mangrove_trapdoor":3,"minecraft:orange_bed":3,"minecraft:mangrove_stairs":1,"minecraft:arrow":6,"minecraft:rotten_flesh":75,"minecraft:hay_block":6,"minecraft:yellow_terracotta":12,"minecraft:mutton":5,"minecraft:white_wool":3,"minecraft:cobblestone":56,"minecraft:rail":1,"minecraft:feather":4,"minecraft:andesite":25,"minecraft:potato":1,"minecraft:oak_log":61,"minecraft:dirt":269,"minecraft:mangrove_slab":2,"minecraft:lantern":3,"minecraft:white_banner":1,"minecraft:cooked_mutton":1,"minecraft:bone":2,"minecraft:wheat_seeds":417,"minecraft:iron_ingot":20,"minecraft:stone_pickaxe":5,"minecraft:iron_sword":5,"minecraft:oak_planks":96,"minecraft:emerald_block":1,"minecraft:dandelion":6,"minecraft:raw_iron_block":4,"minecraft:white_bed":2,"minecraft:spruce_log":3,"minecraft:cyan_bed":2,"minecraft:spider_eye":6,"minecraft:leather_helmet":5,"minecraft:dark_prismarine":3,"minecraft:iron_helmet":5,"minecraft:golden_apple":1,"minecraft:spruce_sign":12,"minecraft:bread":47,"minecraft:emerald":109,"minecraft:oak_sapling":20,"minecraft:coal":51,"minecraft:andesite_slab":1},"minecraft:crafted":{"minecraft:oak_planks":212,"minecraft:raw_iron":36,"minecraft:furnace":2,"minecraft:iron_boots":1,"minecraft:iron_axe":1,"minecraft:stone_pickaxe":1,"minecraft:wheat":54,"minecraft:emerald":20,"minecraft:crafting_table":5,"minecraft:wooden_pickaxe":3,"minecraft:iron_helmet":1,"minecraft:iron_sword":2,"minecraft:bread":17,"minecraft:iron_chestplate":1,"minecraft:shield":1,"minecraft:stick":676,"minecraft:iron_ingot":46,"minecraft:iron_pickaxe":3,"minecraft:wooden_axe":3,"minecraft:iron_leggings":1,"minecraft:white_bed":1,"minecraft:acacia_planks":184,"minecraft:torch":12},"minecraft:used":{"minecraft:beetroot":5,"minecraft:spruce_slab":5,"minecraft:shield":26,"minecraft:iron_sword":100,"minecraft:rotten_flesh":1,"minecraft:torch":9,"minecraft:dirt":60,"minecraft:carrot":1,"minecraft:obsidian":2,"minecraft:wooden_axe":98,"minecraft:iron_axe":61,"minecraft:furnace":2,"minecraft:potato":2,"minecraft:stone_pickaxe":109,"minecraft:wooden_pickaxe":31,"minecraft:spruce_sign":1,"minecraft:mangrove_trapdoor":2,"minecraft:crafting_table":16,"minecraft:white_bed":3,"minecraft:oak_log":2,"minecraft:chicken":1,"minecraft:bread":28,"minecraft:iron_pickaxe":12,"minecraft:cobblestone":23,"minecraft:white_banner":1,"minecraft:andesite":5},"minecraft:broken":{"minecraft:shield":1}},"DataVersion":3463}