{"stats":{"minecraft:killed_by":{"minecraft:husk":1},"minecraft:mined":{"minecraft:acacia_leaves":1,"minecraft:crafting_table":2,"minecraft:grass":3,"minecraft:acacia_log":10,"minecraft:cobblestone":3,"minecraft:azalea_leaves":3,"minecraft:cyan_bed":2,"minecraft:stone":9,"minecraft:spruce_slab":5},"minecraft:killed":{"minecraft:zombie":3},"minecraft:picked_up":{"minecraft:crafting_table":2,"minecraft:acacia_log":10,"minecraft:cyan_bed":2,"minecraft:rotten_flesh":3,"minecraft:spruce_slab":5,"minecraft:cobblestone":12},"minecraft:custom":{"minecraft:time_since_rest":7043,"minecraft:sprint_one_cm":25762,"minecraft:damage_taken":400,"minecraft:walk_one_cm":34935,"minecraft:mob_kills":3,"minecraft:damage_dealt":614,"minecraft:swim_one_cm":600,"minecraft:interact_with_crafting_table":2,"minecraft:fly_one_cm":49168,"minecraft:open_barrel":2,"minecraft:crouch_one_cm":10182,"minecraft:play_time":15241,"minecraft:deaths":1,"minecraft:sneak_time":2657,"minecraft:walk_under_water_one_cm":238,"minecraft:jump":244,"minecraft:interact_with_blast_furnace":2,"minecraft:walk_on_water_one_cm":378,"minecraft:time_since_death":6978,"minecraft:total_world_time":15241,"minecraft:fall_one_cm":4362},"minecraft:crafted":{"minecraft:crafting_table":2,"minecraft:stick":16,"minecraft:wooden_pickaxe":2,"minecraft:wooden_axe":2,"minecraft:acacia_planks":32},"minecraft:used":{"minecraft:wooden_axe":21,"minecraft:spruce_slab":4,"minecraft:bread":3,"minecraft:wooden_pickaxe":15,"minecraft:rotten_flesh":1,"minecraft:cobblestone":9,"minecraft:crafting_table":2}},"DataVersion":3463}