{"stats":{"minecraft:killed_by":{"minecraft:husk":1,"minecraft:skeleton":2},"minecraft:mined":{"minecraft:acacia_leaves":1,"minecraft:spruce_planks":4,"minecraft:mangrove_stairs":1,"minecraft:crafting_table":8,"minecraft:acacia_log":10,"minecraft:andesite_slab":1,"minecraft:stone_slab":2,"minecraft:tall_grass":4,"minecraft:coal_block":1,"minecraft:cobblestone":5,"minecraft:mangrove_trapdoor":3,"minecraft:cyan_bed":2,"minecraft:cartography_table":1,"minecraft:hay_block":2,"minecraft:raw_iron_block":4,"minecraft:raw_gold_block":1,"minecraft:iron_ore":15,"minecraft:spruce_log":3,"minecraft:andesite":3,"minecraft:white_wall_banner":1,"minecraft:grass":9,"minecraft:mangrove_slab":1,"minecraft:coal_ore":11,"minecraft:oak_log":5,"minecraft:cobblestone_slab":1,"minecraft:dirt":9,"minecraft:azalea_leaves":4,"minecraft:stone":26,"minecraft:player_head":2,"minecraft:spruce_slab":6,"minecraft:emerald_block":1,"minecraft:orange_bed":4},"minecraft:killed":{"minecraft:spider":1,"minecraft:zombie":4,"minecraft:chicken":2},"minecraft:custom":{"minecraft:interact_with_furnace":14,"minecraft:mob_kills":7,"minecraft:inspect_hopper":1,"minecraft:interact_with_crafting_table":19,"minecraft:interact_with_cartography_table":1,"minecraft:open_barrel":14,"minecraft:time_since_death":27734,"minecraft:sleep_in_bed":1,"minecraft:time_since_rest":10007,"minecraft:sprint_one_cm":106829,"minecraft:damage_taken":1004,"minecraft:walk_one_cm":206995,"minecraft:damage_blocked_by_shield":3120,"minecraft:damage_dealt":1056,"minecraft:swim_one_cm":14179,"minecraft:talked_to_villager":1,"minecraft:fly_one_cm":152754,"minecraft:open_chest":9,"minecraft:crouch_one_cm":19273,"minecraft:play_time":63241,"minecraft:deaths":3,"minecraft:sneak_time":6807,"minecraft:walk_under_water_one_cm":1870,"minecraft:jump":739,"minecraft:interact_with_blast_furnace":3,"minecraft:walk_on_water_one_cm":2574,"minecraft:total_world_time":63241,"minecraft:interact_with_smoker":1,"minecraft:fall_one_cm":16093},"minecraft:picked_up":{"minecraft:crafting_table":8,"minecraft:feather":4,"minecraft:chicken":2,"minecraft:andesite":2,"minecraft:stone_slab":4,"minecraft:potato":1,"minecraft:oak_log":5,"minecraft:mangrove_slab":2,"minecraft:dirt":7,"minecraft:white_banner":1,"minecraft:lantern":3,"minecraft:cooked_mutton":1,"minecraft:bone":2,"minecraft:wheat_seeds":1,"minecraft:cartography_table":1,"minecraft:spruce_planks":4,"minecraft:cobblestone_slab":1,"minecraft:player_head":2,"minecraft:spruce_slab":6,"minecraft:coal_block":1,"minecraft:raw_iron":15,"minecraft:emerald_block":1,"minecraft:raw_gold_block":1,"minecraft:acacia_log":10,"minecraft:raw_iron_block":4,"minecraft:spruce_log":3,"minecraft:cyan_bed":2,"minecraft:spider_eye":1,"minecraft:mangrove_trapdoor":3,"minecraft:orange_bed":3,"minecraft:arrow":2,"minecraft:mangrove_stairs":1,"minecraft:rotten_flesh":4,"minecraft:hay_block":2,"minecraft:golden_apple":1,"minecraft:spruce_sign":12,"minecraft:rail":1,"minecraft:andesite_slab":1,"minecraft:coal":11,"minecraft:cobblestone":30},"minecraft:crafted":{"minecraft:oak_planks":12,"minecraft:raw_iron":36,"minecraft:crafting_table":2,"minecraft:iron_helmet":1,"minecraft:wooden_pickaxe":3,"minecraft:iron_sword":2,"minecraft:furnace":1,"minecraft:bread":5,"minecraft:iron_chestplate":1,"minecraft:iron_boots":1,"minecraft:shield":1,"minecraft:stick":28,"minecraft:iron_ingot":20,"minecraft:iron_pickaxe":2,"minecraft:stone_pickaxe":1,"minecraft:wooden_axe":3,"minecraft:iron_leggings":1,"minecraft:acacia_planks":36,"minecraft:wheat":18},"minecraft:used":{"minecraft:beetroot":5,"minecraft:spruce_slab":5,"minecraft:stone_pickaxe":55,"minecraft:wooden_pickaxe":31,"minecraft:shield":26,"minecraft:iron_sword":14,"minecraft:rotten_flesh":1,"minecraft:mangrove_trapdoor":2,"minecraft:crafting_table":7,"minecraft:oak_log":2,"minecraft:wooden_axe":50,"minecraft:chicken":1,"minecraft:bread":6,"minecraft:iron_pickaxe":2,"minecraft:cobblestone":13,"minecraft:white_banner":1,"minecraft:furnace":1,"minecraft:potato":2},"minecraft:broken":{"minecraft:shield":1}},"DataVersion":3463}