{"stats":{"minecraft:killed_by":{"minecraft:husk":1,"minecraft:skeleton":2,"minecraft:creeper":1},"minecraft:mined":{"minecraft:yellow_terracotta":4,"minecraft:acacia_leaves":1,"minecraft:spruce_planks":4,"minecraft:mangrove_stairs":1,"minecraft:crafting_table":11,"minecraft:acacia_log":10,"minecraft:grass_block":1,"minecraft:melon":3,"minecraft:andesite_slab":1,"minecraft:stone_slab":2,"minecraft:tall_grass":5,"minecraft:coal_block":1,"minecraft:cobblestone":5,"minecraft:mangrove_trapdoor":3,"minecraft:cyan_bed":2,"minecraft:cartography_table":1,"minecraft:diorite":1,"minecraft:hay_block":2,"minecraft:smooth_stone":1,"minecraft:raw_iron_block":4,"minecraft:furnace":1,"minecraft:raw_gold_block":1,"minecraft:iron_ore":20,"minecraft:wheat":53,"minecraft:spruce_log":3,"minecraft:andesite":11,"minecraft:white_wall_banner":1,"minecraft:grass":16,"minecraft:mangrove_slab":1,"minecraft:coal_ore":21,"minecraft:oak_log":49,"minecraft:cobblestone_slab":1,"minecraft:dirt":11,"minecraft:azalea_leaves":4,"minecraft:stone":42,"minecraft:player_head":2,"minecraft:oak_leaves":7,"minecraft:spruce_slab":6,"minecraft:emerald_block":1,"minecraft:orange_bed":4},"minecraft:dropped":{"minecraft:iron_ingot":21,"minecraft:wooden_axe":1},"minecraft:killed":{"minecraft:spider":1,"minecraft:zombie":5,"minecraft:chicken":2},"minecraft:custom":{"minecraft:interact_with_furnace":20,"minecraft:mob_kills":8,"minecraft:inspect_hopper":1,"minecraft:traded_with_villager":9,"minecraft:interact_with_crafting_table":23,"minecraft:interact_with_cartography_table":1,"minecraft:open_barrel":18,"minecraft:bell_ring":1,"minecraft:time_since_death":11512,"minecraft:sleep_in_bed":2,"minecraft:climb_one_cm":3170,"minecraft:time_since_rest":11571,"minecraft:sprint_one_cm":211609,"minecraft:damage_taken":1503,"minecraft:walk_one_cm":352987,"minecraft:damage_blocked_by_shield":3120,"minecraft:drop":2,"minecraft:damage_dealt":1345,"minecraft:swim_one_cm":29195,"minecraft:talked_to_villager":21,"minecraft:fly_one_cm":291356,"minecraft:open_chest":22,"minecraft:crouch_one_cm":19963,"minecraft:play_time":111241,"minecraft:deaths":4,"minecraft:sneak_time":7815,"minecraft:walk_under_water_one_cm":3817,"minecraft:jump":1497,"minecraft:interact_with_blast_furnace":3,"minecraft:walk_on_water_one_cm":9382,"minecraft:total_world_time":111241,"minecraft:interact_with_smoker":1,"minecraft:fall_one_cm":34018},"minecraft:picked_up":{"minecraft:iron_chestplate":1,"minecraft:crafting_table":12,"minecraft:wheat":142,"minecraft:feather":4,"minecraft:chicken":2,"minecraft:andesite":12,"minecraft:stone_slab":4,"minecraft:wooden_pickaxe":1,"minecraft:potato":1,"minecraft:oak_log":55,"minecraft:mangrove_slab":2,"minecraft:dirt":22,"minecraft:white_banner":1,"minecraft:lantern":3,"minecraft:iron_axe":1,"minecraft:iron_leggings":1,"minecraft:cooked_mutton":1,"minecraft:bone":2,"minecraft:wheat_seeds":279,"minecraft:cartography_table":1,"minecraft:smooth_stone":2,"minecraft:bucket":1,"minecraft:stone_pickaxe":1,"minecraft:spruce_planks":4,"minecraft:iron_ingot":4,"minecraft:cobblestone_slab":1,"minecraft:player_head":2,"minecraft:spruce_slab":6,"minecraft:melon_slice":36,"minecraft:coal_block":1,"minecraft:iron_sword":1,"minecraft:iron_boots":1,"minecraft:furnace":2,"minecraft:stick":13,"minecraft:raw_iron":20,"minecraft:emerald_block":1,"minecraft:raw_gold_block":1,"minecraft:torch":10,"minecraft:dandelion":2,"minecraft:acacia_log":10,"minecraft:raw_iron_block":4,"minecraft:diorite":2,"minecraft:spruce_log":3,"minecraft:cyan_bed":2,"minecraft:leather_helmet":1,"minecraft:spider_eye":2,"minecraft:mangrove_trapdoor":3,"minecraft:orange_bed":3,"minecraft:arrow":2,"minecraft:mangrove_stairs":1,"minecraft:rotten_flesh":13,"minecraft:iron_helmet":1,"minecraft:hay_block":2,"minecraft:yellow_terracotta":4,"minecraft:golden_apple":1,"minecraft:emerald":13,"minecraft:spruce_sign":12,"minecraft:bread":25,"minecraft:rail":1,"minecraft:andesite_slab":1,"minecraft:coal":27,"minecraft:cobblestone":47},"minecraft:crafted":{"minecraft:oak_planks":164,"minecraft:raw_iron":36,"minecraft:emerald":9,"minecraft:crafting_table":2,"minecraft:iron_helmet":1,"minecraft:wooden_pickaxe":3,"minecraft:iron_sword":2,"minecraft:furnace":2,"minecraft:bread":5,"minecraft:iron_chestplate":1,"minecraft:iron_boots":1,"minecraft:shield":1,"minecraft:iron_axe":1,"minecraft:stick":332,"minecraft:iron_ingot":46,"minecraft:iron_pickaxe":2,"minecraft:stone_pickaxe":1,"minecraft:wooden_axe":3,"minecraft:iron_leggings":1,"minecraft:acacia_planks":36,"minecraft:torch":12,"minecraft:wheat":18},"minecraft:used":{"minecraft:beetroot":5,"minecraft:spruce_slab":5,"minecraft:stone_pickaxe":101,"minecraft:wooden_pickaxe":31,"minecraft:shield":26,"minecraft:iron_sword":19,"minecraft:spruce_sign":1,"minecraft:rotten_flesh":1,"minecraft:torch":2,"minecraft:mangrove_trapdoor":2,"minecraft:crafting_table":10,"minecraft:oak_log":2,"minecraft:wooden_axe":98,"minecraft:iron_axe":10,"minecraft:chicken":1,"minecraft:bread":17,"minecraft:iron_pickaxe":2,"minecraft:cobblestone":21,"minecraft:white_banner":1,"minecraft:furnace":2,"minecraft:andesite":4,"minecraft:potato":2},"minecraft:broken":{"minecraft:shield":1}},"DataVersion":3463}