{"stats":{"minecraft:dropped":{"minecraft:iron_ingot":21,"minecraft:dark_oak_stairs":1,"minecraft:wheat_seeds":3,"minecraft:iron_helmet":1,"minecraft:diorite":4,"minecraft:wooden_axe":1,"minecraft:rose_bush":1,"minecraft:dandelion":1,"minecraft:orange_terracotta":1,"minecraft:arrow":3,"minecraft:acacia_fence":1},"minecraft:mined":{"minecraft:dark_oak_planks":8,"minecraft:yellow_terracotta":4,"minecraft:dark_prismarine":3,"minecraft:spruce_planks":4,"minecraft:white_bed":4,"minecraft:mossy_cobblestone":32,"minecraft:acacia_log":48,"minecraft:grass_block":6,"minecraft:coal_block":2,"minecraft:mangrove_trapdoor":3,"minecraft:cartography_table":1,"minecraft:hay_block":6,"minecraft:smooth_stone":1,"minecraft:black_stained_glass_pane":2,"minecraft:raw_iron_block":4,"minecraft:furnace":1,"minecraft:raw_gold_block":4,"minecraft:dark_oak_trapdoor":1,"minecraft:iron_ore":20,"minecraft:fire":3,"minecraft:andesite":13,"minecraft:black_carpet":3,"minecraft:stripped_dark_oak_wood":2,"minecraft:nether_brick_stairs":1,"minecraft:dark_oak_stairs":4,"minecraft:bookshelf":3,"minecraft:cobblestone_slab":1,"minecraft:vine":4,"minecraft:azalea_leaves":4,"minecraft:stone":50,"minecraft:stripped_mangrove_wood":3,"minecraft:player_head":3,"minecraft:spruce_slab":6,"minecraft:orange_bed":4,"minecraft:orange_glazed_terracotta":1,"minecraft:waxed_cut_copper":1,"minecraft:waxed_cut_copper_stairs":8,"minecraft:acacia_leaves":3,"minecraft:mangrove_stairs":1,"minecraft:orange_terracotta":1,"minecraft:crafting_table":13,"minecraft:torch":1,"minecraft:calcite":22,"minecraft:melon":3,"minecraft:chest":1,"minecraft:rose_bush":1,"minecraft:andesite_slab":1,"minecraft:nether_brick_slab":1,"minecraft:stone_slab":2,"minecraft:tall_grass":6,"minecraft:cobblestone":26,"minecraft:cyan_bed":6,"minecraft:diorite":3,"minecraft:wall_torch":4,"minecraft:spruce_stairs":1,"minecraft:wheat":53,"minecraft:birch_trapdoor":1,"minecraft:spruce_log":3,"minecraft:white_wall_banner":1,"minecraft:grass":36,"minecraft:mangrove_slab":1,"minecraft:oak_log":58,"minecraft:coal_ore":27,"minecraft:dirt":21,"minecraft:tripwire_hook":1,"minecraft:oak_leaves":7,"minecraft:cyan_candle":2,"minecraft:emerald_block":1},"minecraft:broken":{"minecraft:shield":1},"minecraft:custom":{"minecraft:mob_kills":38,"minecraft:inspect_hopper":1,"minecraft:interact_with_crafting_table":41,"minecraft:open_barrel":26,"minecraft:bell_ring":1,"minecraft:leave_game":3,"minecraft:time_since_death":18458,"minecraft:climb_one_cm":6738,"minecraft:sprint_one_cm":428710,"minecraft:walk_one_cm":771426,"minecraft:damage_blocked_by_shield":3120,"minecraft:drop":14,"minecraft:talked_to_villager":49,"minecraft:play_time":230633,"minecraft:sneak_time":16003,"minecraft:deaths":9,"minecraft:walk_under_water_one_cm":4402,"minecraft:interact_with_brewingstand":1,"minecraft:jump":3531,"minecraft:interact_with_blast_furnace":8,"minecraft:walk_on_water_one_cm":13398,"minecraft:total_world_time":230633,"minecraft:interact_with_furnace":23,"minecraft:traded_with_villager":21,"minecraft:tune_noteblock":7,"minecraft:interact_with_cartography_table":4,"minecraft:interact_with_grindstone":1,"minecraft:sleep_in_bed":8,"minecraft:time_since_rest":677,"minecraft:damage_taken":3670,"minecraft:damage_dealt":6138,"minecraft:swim_one_cm":35119,"minecraft:fly_one_cm":754380,"minecraft:open_chest":48,"minecraft:crouch_one_cm":38618,"minecraft:interact_with_smoker":1,"minecraft:fall_one_cm":91659},"minecraft:used":{"minecraft:beetroot":5,"minecraft:acacia_log":4,"minecraft:spruce_slab":5,"minecraft:shield":26,"minecraft:iron_sword":159,"minecraft:rotten_flesh":1,"minecraft:torch":12,"minecraft:dirt":60,"minecraft:carrot":1,"minecraft:obsidian":2,"minecraft:wooden_axe":98,"minecraft:iron_axe":105,"minecraft:furnace":3,"minecraft:potato":2,"minecraft:calcite":7,"minecraft:dark_oak_stairs":1,"minecraft:water_bucket":3,"minecraft:diorite":3,"minecraft:stone_pickaxe":109,"minecraft:oak_planks":9,"minecraft:wooden_pickaxe":31,"minecraft:spruce_sign":1,"minecraft:mossy_cobblestone":29,"minecraft:mangrove_trapdoor":2,"minecraft:crafting_table":17,"minecraft:white_bed":5,"minecraft:oak_log":2,"minecraft:chicken":1,"minecraft:bread":47,"minecraft:cyan_bed":1,"minecraft:melon_slice":2,"minecraft:iron_pickaxe":128,"minecraft:cobblestone":49,"minecraft:white_banner":1,"minecraft:andesite":9,"minecraft:bucket":3,"minecraft:waxed_cut_copper_stairs":2},"minecraft:killed":{"minecraft:spider":5,"minecraft:skeleton":1,"minecraft:chicken":2,"minecraft:sheep":6,"minecraft:zombie":23},"minecraft:crafted":{"minecraft:oak_planks":224,"minecraft:raw_iron":36,"minecraft:furnace":2,"minecraft:iron_boots":1,"minecraft:iron_axe":1,"minecraft:stone_pickaxe":1,"minecraft:wheat":54,"minecraft:emerald":20,"minecraft:map":1,"minecraft:crafting_table":6,"minecraft:wooden_pickaxe":3,"minecraft:iron_helmet":1,"minecraft:iron_sword":2,"minecraft:bread":17,"minecraft:iron_chestplate":1,"minecraft:shield":1,"minecraft:stick":676,"minecraft:iron_ingot":46,"minecraft:iron_pickaxe":3,"minecraft:wooden_axe":3,"minecraft:iron_leggings":1,"minecraft:white_bed":2,"minecraft:acacia_planks":184,"minecraft:torch":12},"minecraft:killed_by":{"minecraft:husk":1,"minecraft:creeper":3,"minecraft:skeleton":3,"minecraft:zombie":2},"minecraft:picked_up":{"minecraft:iron_chestplate":7,"minecraft:crafting_table":14,"minecraft:wheat":214,"minecraft:chicken":2,"minecraft:stone_slab":4,"minecraft:wooden_pickaxe":5,"minecraft:potion":2,"minecraft:music_disc_cat":1,"minecraft:iron_axe":6,"minecraft:compass":1,"minecraft:iron_leggings":7,"minecraft:orange_glazed_terracotta":2,"minecraft:cartography_table":1,"minecraft:smooth_stone":7,"minecraft:bucket":6,"minecraft:spruce_planks":4,"minecraft:rose_bush":1,"minecraft:cobblestone_slab":1,"minecraft:player_head":4,"minecraft:calcite":7,"minecraft:iron_pickaxe":3,"minecraft:spruce_slab":6,"minecraft:melon_slice":124,"minecraft:coal_block":3,"minecraft:iron_boots":6,"minecraft:furnace":6,"minecraft:stick":81,"minecraft:raw_iron":20,"minecraft:acacia_fence":3,"minecraft:raw_gold_block":7,"minecraft:acacia_log":51,"minecraft:torch":67,"minecraft:diorite":13,"minecraft:carrot":1,"minecraft:mangrove_trapdoor":3,"minecraft:waxed_cut_copper_stairs":2,"minecraft:orange_bed":3,"minecraft:rotten_flesh":106,"minecraft:arrow":7,"minecraft:mangrove_stairs":1,"minecraft:hay_block":6,"minecraft:yellow_terracotta":14,"minecraft:gold_ingot":10,"minecraft:obsidian":14,"minecraft:mutton":15,"minecraft:cobblestone":79,"minecraft:rail":1,"minecraft:white_wool":6,"minecraft:feather":4,"minecraft:andesite":26,"minecraft:potato":9,"minecraft:flint":7,"minecraft:oak_log":66,"minecraft:gunpowder":10,"minecraft:paper":18,"minecraft:dirt":269,"minecraft:mangrove_slab":2,"minecraft:lantern":3,"minecraft:white_banner":1,"minecraft:orange_terracotta":1,"minecraft:cooked_mutton":1,"minecraft:bone":2,"minecraft:apple":3,"minecraft:wheat_seeds":421,"minecraft:stone_pickaxe":5,"minecraft:iron_ingot":39,"minecraft:diamond_helmet":1,"minecraft:iron_sword":6,"minecraft:oak_planks":96,"minecraft:dark_oak_stairs":2,"minecraft:book":18,"minecraft:emerald_block":1,"minecraft:dandelion":7,"minecraft:raw_iron_block":4,"minecraft:white_bed":4,"minecraft:spruce_log":3,"minecraft:cyan_bed":6,"minecraft:spider_eye":6,"minecraft:leather_helmet":6,"minecraft:mossy_cobblestone":29,"minecraft:dark_prismarine":6,"minecraft:iron_helmet":6,"minecraft:golden_apple":3,"minecraft:spruce_sign":12,"minecraft:emerald":135,"minecraft:bread":52,"minecraft:oak_sapling":20,"minecraft:coal":79,"minecraft:andesite_slab":1}},"DataVersion":3463}