{"stats":{"minecraft:mined":{"minecraft:acacia_leaves":3,"minecraft:white_bed":2,"minecraft:spruce_door":7,"minecraft:glow_lichen":1,"minecraft:crafting_table":9,"minecraft:torch":2,"minecraft:granite":4,"minecraft:blast_furnace":1,"minecraft:acacia_log":6,"minecraft:copper_ore":3,"minecraft:cobblestone":20,"minecraft:deepslate_gold_ore":1,"minecraft:diorite":37,"minecraft:wall_torch":2,"minecraft:furnace":1,"minecraft:iron_ore":78,"minecraft:andesite":8,"minecraft:deepslate_lapis_ore":3,"minecraft:cave_vines":3,"minecraft:coal_ore":170,"minecraft:oak_log":18,"minecraft:deepslate_iron_ore":18,"minecraft:sand":4,"minecraft:stone":197,"minecraft:gold_ore":7,"minecraft:deepslate":6},"minecraft:dropped":{"minecraft:rotten_flesh":15,"minecraft:chest_minecart":2,"minecraft:activator_rail":3,"minecraft:torch":1},"minecraft:killed":{"minecraft:spider":2,"minecraft:sheep":3,"minecraft:skeleton":8,"minecraft:zombie":26,"minecraft:cow":1},"minecraft:custom":{"minecraft:interact_with_furnace":10,"minecraft:mob_kills":41,"minecraft:interact_with_crafting_table":16,"minecraft:open_barrel":3,"minecraft:time_since_death":62812,"minecraft:sleep_in_bed":2,"minecraft:time_since_rest":50169,"minecraft:sprint_one_cm":35897,"minecraft:damage_taken":1173,"minecraft:walk_one_cm":236730,"minecraft:damage_blocked_by_shield":2190,"minecraft:drop":8,"minecraft:damage_dealt":6787,"minecraft:swim_one_cm":40907,"minecraft:fly_one_cm":40549,"minecraft:open_chest":11,"minecraft:crouch_one_cm":15035,"minecraft:play_time":62812,"minecraft:sneak_time":6886,"minecraft:walk_under_water_one_cm":22046,"minecraft:jump":642,"minecraft:interact_with_blast_furnace":2,"minecraft:walk_on_water_one_cm":24036,"minecraft:total_world_time":62812,"minecraft:fall_one_cm":6915},"minecraft:picked_up":{"minecraft:crafting_table":9,"minecraft:wheat":1,"minecraft:chest_minecart":2,"minecraft:andesite":6,"minecraft:oak_log":18,"minecraft:lapis_lazuli":15,"minecraft:string":4,"minecraft:raw_copper":9,"minecraft:name_tag":1,"minecraft:bone":3,"minecraft:activator_rail":3,"minecraft:wheat_seeds":4,"minecraft:cobbled_deepslate":5,"minecraft:raw_gold":8,"minecraft:beef":1,"minecraft:furnace":1,"minecraft:stick":1,"minecraft:raw_iron":93,"minecraft:torch":36,"minecraft:acacia_log":6,"minecraft:sand":4,"minecraft:blast_furnace":1,"minecraft:diorite":36,"minecraft:white_bed":2,"minecraft:spruce_door":7,"minecraft:pumpkin_seeds":4,"minecraft:arrow":10,"minecraft:rotten_flesh":31,"minecraft:granite":4,"minecraft:melon_seeds":2,"minecraft:glow_berries":5,"minecraft:mutton":4,"minecraft:coal":167,"minecraft:white_wool":3,"minecraft:cobblestone":215},"minecraft:crafted":{"minecraft:smooth_stone":3,"minecraft:oak_planks":72,"minecraft:crafting_table":2,"minecraft:iron_helmet":1,"minecraft:iron_sword":1,"minecraft:furnace":1,"minecraft:blast_furnace":1,"minecraft:stone":3,"minecraft:bread":10,"minecraft:air":0,"minecraft:iron_chestplate":1,"minecraft:shield":1,"minecraft:iron_axe":1,"minecraft:stick":32,"minecraft:iron_ingot":41,"minecraft:iron_pickaxe":3,"minecraft:chest":2,"minecraft:acacia_door":3,"minecraft:iron_leggings":1,"minecraft:white_bed":1,"minecraft:acacia_planks":24,"minecraft:torch":96},"minecraft:used":{"minecraft:diorite":24,"minecraft:spruce_door":6,"minecraft:chest":2,"minecraft:shield":40,"minecraft:iron_sword":8,"minecraft:torch":68,"minecraft:glow_berries":10,"minecraft:crafting_table":10,"minecraft:blast_furnace":1,"minecraft:white_bed":3,"minecraft:iron_axe":127,"minecraft:bread":28,"minecraft:iron_pickaxe":557,"minecraft:cobblestone":166,"minecraft:furnace":1,"minecraft:andesite":3},"minecraft:broken":{"minecraft:iron_pickaxe":2}},"DataVersion":3463}