{"stats":{"minecraft:mined":{"minecraft:diamond_ore":2,"minecraft:white_bed":3,"minecraft:deepslate_diamond_ore":4,"minecraft:granite":53,"minecraft:glow_lichen":1,"minecraft:acacia_log":26,"minecraft:grass_block":23,"minecraft:redstone_ore":1,"minecraft:furnace":1,"minecraft:iron_ore":82,"minecraft:cobbled_deepslate":1,"minecraft:andesite":11,"minecraft:deepslate_lapis_ore":3,"minecraft:potatoes":11,"minecraft:deepslate_iron_ore":22,"minecraft:cave_vines":3,"minecraft:rail":2,"minecraft:stone":358,"minecraft:acacia_leaves":4,"minecraft:spruce_door":7,"minecraft:oak_fence":2,"minecraft:crafting_table":10,"minecraft:torch":2,"minecraft:blast_furnace":3,"minecraft:chest":1,"minecraft:copper_ore":3,"minecraft:cobblestone":37,"minecraft:deepslate_gold_ore":13,"minecraft:lapis_ore":6,"minecraft:wall_torch":3,"minecraft:diorite":46,"minecraft:grass":47,"minecraft:oak_log":65,"minecraft:coal_ore":170,"minecraft:acacia_fence":9,"minecraft:sand":4,"minecraft:dirt":14,"minecraft:cobweb":52,"minecraft:gold_ore":8,"minecraft:oak_leaves":5,"minecraft:deepslate":15},"minecraft:dropped":{"minecraft:wheat_seeds":2,"minecraft:oak_fence":4,"minecraft:chest_minecart":2,"minecraft:activator_rail":3,"minecraft:torch":1,"minecraft:rotten_flesh":17},"minecraft:killed":{"minecraft:cave_spider":8,"minecraft:spider":3,"minecraft:skeleton":9,"minecraft:sheep":3,"minecraft:zombie":37,"minecraft:cow":1},"minecraft:custom":{"minecraft:interact_with_anvil":2,"minecraft:mob_kills":62,"minecraft:interact_with_crafting_table":43,"minecraft:open_barrel":3,"minecraft:time_since_death":122812,"minecraft:sprint_one_cm":131361,"minecraft:walk_one_cm":499920,"minecraft:damage_blocked_by_shield":2850,"minecraft:drop":14,"minecraft:play_time":122812,"minecraft:sneak_time":10765,"minecraft:walk_under_water_one_cm":22585,"minecraft:jump":1278,"minecraft:interact_with_blast_furnace":22,"minecraft:walk_on_water_one_cm":27273,"minecraft:total_world_time":122812,"minecraft:interact_with_furnace":10,"minecraft:sleep_in_bed":4,"minecraft:time_since_rest":8262,"minecraft:damage_taken":2142,"minecraft:damage_dealt":10485,"minecraft:swim_one_cm":43470,"minecraft:fly_one_cm":118239,"minecraft:open_chest":65,"minecraft:crouch_one_cm":28631,"minecraft:interact_with_smoker":16,"minecraft:fall_one_cm":14554},"minecraft:picked_up":{"minecraft:crafting_table":10,"minecraft:wheat":1,"minecraft:chest_minecart":2,"minecraft:string":52,"minecraft:raw_copper":9,"minecraft:activator_rail":3,"minecraft:cobbled_deepslate":14,"minecraft:beef":1,"minecraft:chest":1,"minecraft:furnace":1,"minecraft:stick":3,"minecraft:raw_iron":101,"minecraft:acacia_fence":9,"minecraft:oak_fence":4,"minecraft:torch":38,"minecraft:acacia_log":25,"minecraft:diorite":45,"minecraft:redstone":4,"minecraft:arrow":10,"minecraft:rotten_flesh":36,"minecraft:glow_berries":5,"minecraft:mutton":4,"minecraft:cobblestone":386,"minecraft:white_wool":3,"minecraft:andesite":7,"minecraft:potato":43,"minecraft:oak_log":65,"minecraft:lapis_lazuli":62,"minecraft:dirt":12,"minecraft:name_tag":1,"minecraft:bone":4,"minecraft:apple":1,"minecraft:wheat_seeds":8,"minecraft:raw_gold":21,"minecraft:oak_planks":2,"minecraft:acacia_sapling":1,"minecraft:gravel":14,"minecraft:sand":4,"minecraft:blast_furnace":3,"minecraft:white_bed":3,"minecraft:spruce_door":7,"minecraft:spider_eye":3,"minecraft:pumpkin_seeds":4,"minecraft:diamond":6,"minecraft:granite":53,"minecraft:oak_sapling":3,"minecraft:melon_seeds":2,"minecraft:coal":167},"minecraft:crafted":{"minecraft:golden_carrot":7,"minecraft:oak_planks":72,"minecraft:smooth_stone":3,"minecraft:furnace":2,"minecraft:acacia_fence_gate":2,"minecraft:blast_furnace":1,"minecraft:stone":3,"minecraft:bone_meal":27,"minecraft:cooked_mutton":4,"minecraft:iron_boots":1,"minecraft:iron_axe":2,"minecraft:iron_hoe":1,"minecraft:chest":4,"minecraft:acacia_fence":27,"minecraft:oak_fence":6,"minecraft:smoker":1,"minecraft:cooked_beef":1,"minecraft:diamond_sword":1,"minecraft:crafting_table":2,"minecraft:iron_helmet":1,"minecraft:baked_potato":32,"minecraft:iron_sword":1,"minecraft:bread":10,"minecraft:air":0,"minecraft:iron_chestplate":1,"minecraft:diamond_pickaxe":1,"minecraft:gold_nugget":63,"minecraft:shield":2,"minecraft:stick":84,"minecraft:iron_ingot":100,"minecraft:iron_pickaxe":3,"minecraft:iron_leggings":1,"minecraft:iron_block":3,"minecraft:acacia_door":3,"minecraft:iron_shovel":1,"minecraft:gold_ingot":21,"minecraft:anvil":1,"minecraft:white_bed":1,"minecraft:acacia_planks":84,"minecraft:torch":152},"minecraft:used":{"minecraft:oak_fence":6,"minecraft:iron_shovel":77,"minecraft:chest":5,"minecraft:shield":49,"minecraft:iron_sword":139,"minecraft:torch":165,"minecraft:anvil":1,"minecraft:carrot":1,"minecraft:iron_hoe":41,"minecraft:iron_axe":204,"minecraft:melon_seeds":6,"minecraft:golden_carrot":4,"minecraft:oak_sapling":1,"minecraft:furnace":1,"minecraft:acacia_fence":33,"minecraft:cooked_beef":1,"minecraft:potato":26,"minecraft:cobbled_deepslate":14,"minecraft:wheat_seeds":2,"minecraft:water_bucket":12,"minecraft:diorite":24,"minecraft:spruce_door":6,"minecraft:glow_berries":27,"minecraft:crafting_table":11,"minecraft:blast_furnace":4,"minecraft:white_bed":4,"minecraft:smoker":1,"minecraft:diamond_pickaxe":91,"minecraft:bread":40,"minecraft:iron_pickaxe":753,"minecraft:acacia_fence_gate":2,"minecraft:cobblestone":263,"minecraft:andesite":3,"minecraft:bucket":13,"minecraft:bone_meal":27},"minecraft:broken":{"minecraft:iron_axe":1,"minecraft:iron_pickaxe":3}},"DataVersion":3463}