{"stats":{"minecraft:dropped":{"minecraft:iron_sword":1,"minecraft:wheat_seeds":2,"minecraft:oak_fence":4,"minecraft:chest_minecart":2,"minecraft:activator_rail":3,"minecraft:stick":1,"minecraft:torch":1,"minecraft:string":1,"minecraft:raw_iron":1,"minecraft:rotten_flesh":17,"minecraft:spruce_trapdoor":2},"minecraft:mined":{"minecraft:large_amethyst_bud":1,"minecraft:dark_prismarine":74,"minecraft:diamond_ore":2,"minecraft:white_bed":3,"minecraft:deepslate_diamond_ore":6,"minecraft:obsidian":12,"minecraft:glow_lichen":1,"minecraft:spruce_trapdoor":2,"minecraft:granite":61,"minecraft:budding_amethyst":10,"minecraft:acacia_log":26,"minecraft:grass_block":24,"minecraft:redstone_ore":1,"minecraft:carrots":1,"minecraft:furnace":1,"minecraft:fire":11,"minecraft:iron_ore":97,"minecraft:cobbled_deepslate":1,"minecraft:andesite":12,"minecraft:deepslate_lapis_ore":9,"minecraft:gold_block":1,"minecraft:bookshelf":20,"minecraft:potatoes":45,"minecraft:small_amethyst_bud":1,"minecraft:cave_vines":3,"minecraft:deepslate_iron_ore":34,"minecraft:rail":2,"minecraft:stone":586,"minecraft:acacia_leaves":4,"minecraft:melon_stem":6,"minecraft:amethyst_cluster":8,"minecraft:spruce_door":7,"minecraft:oak_fence":2,"minecraft:crafting_table":10,"minecraft:torch":16,"minecraft:note_block":7,"minecraft:blast_furnace":3,"minecraft:calcite":41,"minecraft:chest":1,"minecraft:copper_ore":3,"minecraft:cobblestone":44,"minecraft:lapis_ore":9,"minecraft:deepslate_gold_ore":25,"minecraft:oak_planks":1,"minecraft:diorite":52,"minecraft:wall_torch":10,"minecraft:amethyst_block":35,"minecraft:gray_wool":5,"minecraft:birch_leaves":2,"minecraft:grass":52,"minecraft:oak_log":84,"minecraft:coal_ore":190,"minecraft:acacia_fence":9,"minecraft:gravel":40,"minecraft:sand":4,"minecraft:dirt":14,"minecraft:cobweb":52,"minecraft:netherrack":19,"minecraft:gold_ore":8,"minecraft:oak_leaves":8,"minecraft:deepslate":24},"minecraft:broken":{"minecraft:iron_axe":1,"minecraft:iron_pickaxe":3},"minecraft:custom":{"minecraft:mob_kills":96,"minecraft:interact_with_anvil":2,"minecraft:interact_with_crafting_table":57,"minecraft:open_barrel":11,"minecraft:leave_game":1,"minecraft:time_since_death":199697,"minecraft:climb_one_cm":3536,"minecraft:sprint_one_cm":233238,"minecraft:walk_one_cm":695440,"minecraft:damage_blocked_by_shield":3135,"minecraft:drop":19,"minecraft:play_noteblock":14,"minecraft:play_time":199697,"minecraft:sneak_time":15877,"minecraft:walk_under_water_one_cm":29562,"minecraft:jump":2455,"minecraft:interact_with_blast_furnace":31,"minecraft:walk_on_water_one_cm":43040,"minecraft:total_world_time":199697,"minecraft:interact_with_furnace":11,"minecraft:tune_noteblock":4,"minecraft:sleep_in_bed":4,"minecraft:time_since_rest":85147,"minecraft:damage_taken":2905,"minecraft:damage_dealt":15542,"minecraft:swim_one_cm":92603,"minecraft:fly_one_cm":288518,"minecraft:open_chest":125,"minecraft:crouch_one_cm":41401,"minecraft:interact_with_smoker":30,"minecraft:fall_one_cm":43059},"minecraft:used":{"minecraft:oak_fence":6,"minecraft:enchanting_table":1,"minecraft:iron_shovel":100,"minecraft:chest":7,"minecraft:shield":54,"minecraft:iron_sword":151,"minecraft:torch":246,"minecraft:dirt":13,"minecraft:spyglass":5,"minecraft:anvil":1,"minecraft:carrot":5,"minecraft:granite":49,"minecraft:iron_hoe":41,"minecraft:bookshelf":18,"minecraft:iron_axe":253,"minecraft:melon_seeds":6,"minecraft:golden_carrot":4,"minecraft:oak_sapling":5,"minecraft:furnace":1,"minecraft:acacia_fence":33,"minecraft:cooked_beef":1,"minecraft:potato":64,"minecraft:cobbled_deepslate":14,"minecraft:wheat_seeds":2,"minecraft:water_bucket":12,"minecraft:diorite":43,"minecraft:spruce_door":6,"minecraft:baked_potato":22,"minecraft:glow_berries":27,"minecraft:crafting_table":11,"minecraft:blast_furnace":4,"minecraft:white_bed":4,"minecraft:smoker":1,"minecraft:dark_prismarine":3,"minecraft:diamond_pickaxe":641,"minecraft:bread":42,"minecraft:iron_pickaxe":753,"minecraft:gravel":22,"minecraft:acacia_fence_gate":2,"minecraft:diamond_sword":76,"minecraft:cobblestone":492,"minecraft:andesite":4,"minecraft:bucket":13,"minecraft:gray_wool":5,"minecraft:bone_meal":51},"minecraft:killed":{"minecraft:cave_spider":8,"minecraft:spider":7,"minecraft:skeleton":11,"minecraft:salmon":4,"minecraft:creeper":1,"minecraft:sheep":3,"minecraft:zombie":55,"minecraft:cow":5},"minecraft:crafted":{"minecraft:golden_carrot":7,"minecraft:oak_planks":216,"minecraft:smooth_stone":3,"minecraft:spyglass":1,"minecraft:furnace":2,"minecraft:acacia_fence_gate":2,"minecraft:blast_furnace":1,"minecraft:stone":3,"minecraft:bone_meal":51,"minecraft:bookshelf":20,"minecraft:cooked_mutton":4,"minecraft:iron_boots":1,"minecraft:iron_axe":2,"minecraft:iron_hoe":1,"minecraft:chest":6,"minecraft:acacia_fence":27,"minecraft:oak_fence":6,"minecraft:smoker":1,"minecraft:cooked_beef":1,"minecraft:diamond_sword":1,"minecraft:crafting_table":2,"minecraft:enchanting_table":1,"minecraft:baked_potato":101,"minecraft:iron_helmet":1,"minecraft:iron_sword":1,"minecraft:cooked_salmon":4,"minecraft:copper_ingot":2,"minecraft:bread":10,"minecraft:air":0,"minecraft:iron_chestplate":1,"minecraft:diamond_pickaxe":1,"minecraft:gold_nugget":63,"minecraft:shield":2,"minecraft:stick":108,"minecraft:iron_ingot":127,"minecraft:iron_pickaxe":3,"minecraft:iron_block":3,"minecraft:iron_leggings":1,"minecraft:acacia_door":3,"minecraft:iron_shovel":1,"minecraft:gold_ingot":33,"minecraft:anvil":1,"minecraft:white_bed":1,"minecraft:acacia_planks":84,"minecraft:torch":192},"minecraft:picked_up":{"minecraft:crafting_table":10,"minecraft:wheat":1,"minecraft:chest_minecart":2,"minecraft:gold_block":1,"minecraft:amethyst_block":35,"minecraft:raw_copper":9,"minecraft:string":57,"minecraft:activator_rail":3,"minecraft:cobbled_deepslate":22,"minecraft:beef":7,"minecraft:calcite":41,"minecraft:chest":1,"minecraft:spruce_trapdoor":2,"minecraft:furnace":1,"minecraft:stick":3,"minecraft:raw_iron":128,"minecraft:acacia_fence":9,"minecraft:oak_fence":4,"minecraft:torch":60,"minecraft:acacia_log":25,"minecraft:note_block":7,"minecraft:diorite":51,"minecraft:carrot":4,"minecraft:redstone":4,"minecraft:arrow":12,"minecraft:rotten_flesh":52,"minecraft:obsidian":12,"minecraft:glow_berries":5,"minecraft:mutton":4,"minecraft:cobblestone":621,"minecraft:white_wool":3,"minecraft:andesite":8,"minecraft:salmon":4,"minecraft:leather":2,"minecraft:potato":163,"minecraft:flint":5,"minecraft:oak_log":84,"minecraft:dirt":13,"minecraft:lapis_lazuli":121,"minecraft:name_tag":1,"minecraft:bone":8,"minecraft:apple":1,"minecraft:wheat_seeds":8,"minecraft:raw_gold":33,"minecraft:acacia_sapling":1,"minecraft:oak_planks":3,"minecraft:book":60,"minecraft:amethyst_shard":34,"minecraft:gravel":93,"minecraft:sand":4,"minecraft:blast_furnace":3,"minecraft:white_bed":3,"minecraft:spruce_door":7,"minecraft:spider_eye":3,"minecraft:dark_prismarine":74,"minecraft:pumpkin_seeds":4,"minecraft:diamond":8,"minecraft:granite":61,"minecraft:gray_wool":5,"minecraft:netherrack":5,"minecraft:oak_sapling":5,"minecraft:melon_seeds":4,"minecraft:coal":187}},"DataVersion":3463}