{"stats":{"minecraft:mined":{"minecraft:acacia_leaves":3,"minecraft:white_bed":2,"minecraft:spruce_door":7,"minecraft:glow_lichen":1,"minecraft:crafting_table":7,"minecraft:torch":2,"minecraft:granite":4,"minecraft:blast_furnace":1,"minecraft:acacia_log":6,"minecraft:copper_ore":3,"minecraft:cobblestone":19,"minecraft:diorite":36,"minecraft:wall_torch":2,"minecraft:furnace":1,"minecraft:iron_ore":69,"minecraft:andesite":8,"minecraft:coal_ore":170,"minecraft:oak_log":18,"minecraft:deepslate_iron_ore":1,"minecraft:sand":4,"minecraft:stone":132,"minecraft:gold_ore":3},"minecraft:dropped":{"minecraft:rotten_flesh":7,"minecraft:chest_minecart":2,"minecraft:activator_rail":3,"minecraft:torch":1},"minecraft:killed":{"minecraft:spider":1,"minecraft:sheep":3,"minecraft:skeleton":3,"minecraft:zombie":8,"minecraft:cow":1},"minecraft:custom":{"minecraft:interact_with_furnace":10,"minecraft:mob_kills":17,"minecraft:interact_with_crafting_table":14,"minecraft:open_barrel":3,"minecraft:time_since_death":50812,"minecraft:sleep_in_bed":2,"minecraft:time_since_rest":38169,"minecraft:sprint_one_cm":31205,"minecraft:damage_taken":625,"minecraft:walk_one_cm":179836,"minecraft:damage_blocked_by_shield":570,"minecraft:drop":7,"minecraft:damage_dealt":2905,"minecraft:swim_one_cm":40907,"minecraft:fly_one_cm":36592,"minecraft:open_chest":11,"minecraft:crouch_one_cm":14075,"minecraft:play_time":50812,"minecraft:sneak_time":6289,"minecraft:walk_under_water_one_cm":22046,"minecraft:jump":481,"minecraft:interact_with_blast_furnace":2,"minecraft:walk_on_water_one_cm":19821,"minecraft:total_world_time":50812,"minecraft:fall_one_cm":5899},"minecraft:picked_up":{"minecraft:crafting_table":7,"minecraft:wheat":1,"minecraft:chest_minecart":2,"minecraft:andesite":6,"minecraft:oak_log":18,"minecraft:string":2,"minecraft:raw_copper":9,"minecraft:name_tag":1,"minecraft:bone":1,"minecraft:activator_rail":3,"minecraft:wheat_seeds":4,"minecraft:raw_gold":3,"minecraft:beef":1,"minecraft:furnace":1,"minecraft:stick":1,"minecraft:raw_iron":67,"minecraft:torch":36,"minecraft:acacia_log":6,"minecraft:sand":4,"minecraft:blast_furnace":1,"minecraft:diorite":35,"minecraft:white_bed":2,"minecraft:spruce_door":7,"minecraft:pumpkin_seeds":4,"minecraft:arrow":5,"minecraft:rotten_flesh":12,"minecraft:granite":4,"minecraft:melon_seeds":2,"minecraft:glow_berries":5,"minecraft:mutton":4,"minecraft:coal":167,"minecraft:white_wool":3,"minecraft:cobblestone":153},"minecraft:crafted":{"minecraft:smooth_stone":3,"minecraft:oak_planks":72,"minecraft:crafting_table":2,"minecraft:iron_helmet":1,"minecraft:furnace":1,"minecraft:blast_furnace":1,"minecraft:stone":3,"minecraft:bread":10,"minecraft:air":0,"minecraft:iron_chestplate":1,"minecraft:shield":1,"minecraft:iron_axe":1,"minecraft:stick":16,"minecraft:iron_ingot":41,"minecraft:iron_pickaxe":2,"minecraft:chest":2,"minecraft:acacia_door":3,"minecraft:iron_leggings":1,"minecraft:white_bed":1,"minecraft:acacia_planks":24,"minecraft:torch":36},"minecraft:used":{"minecraft:diorite":24,"minecraft:spruce_door":6,"minecraft:chest":2,"minecraft:shield":10,"minecraft:torch":46,"minecraft:crafting_table":8,"minecraft:blast_furnace":1,"minecraft:white_bed":3,"minecraft:iron_axe":73,"minecraft:bread":17,"minecraft:iron_pickaxe":450,"minecraft:cobblestone":139,"minecraft:furnace":1,"minecraft:andesite":3},"minecraft:broken":{"minecraft:iron_pickaxe":1}},"DataVersion":3463}