{"stats":{"minecraft:mined":{"minecraft:acacia_leaves":3,"minecraft:white_bed":1,"minecraft:spruce_door":4,"minecraft:crafting_table":3,"minecraft:acacia_log":6,"minecraft:oak_log":18,"minecraft:coal_ore":112,"minecraft:copper_ore":1,"minecraft:cobblestone":6,"minecraft:stone":61,"minecraft:wall_torch":1},"minecraft:picked_up":{"minecraft:stick":1,"minecraft:crafting_table":3,"minecraft:torch":1,"minecraft:acacia_log":6,"minecraft:oak_log":18,"minecraft:white_bed":1,"minecraft:string":2,"minecraft:spruce_door":4,"minecraft:raw_copper":3,"minecraft:rotten_flesh":4,"minecraft:mutton":4,"minecraft:coal":108,"minecraft:white_wool":3,"minecraft:cobblestone":67},"minecraft:killed":{"minecraft:sheep":3,"minecraft:zombie":3,"minecraft:spider":1},"minecraft:custom":{"minecraft:time_since_rest":2169,"minecraft:sprint_one_cm":14603,"minecraft:damage_taken":135,"minecraft:walk_one_cm":42834,"minecraft:mob_kills":7,"minecraft:damage_dealt":1087,"minecraft:swim_one_cm":23990,"minecraft:interact_with_crafting_table":3,"minecraft:fly_one_cm":16517,"minecraft:open_chest":4,"minecraft:crouch_one_cm":1397,"minecraft:play_time":14812,"minecraft:sneak_time":1566,"minecraft:walk_under_water_one_cm":7767,"minecraft:jump":139,"minecraft:walk_on_water_one_cm":4355,"minecraft:time_since_death":14812,"minecraft:sleep_in_bed":2,"minecraft:total_world_time":14812,"minecraft:fall_one_cm":1852},"minecraft:crafted":{"minecraft:iron_axe":1,"minecraft:crafting_table":1,"minecraft:stick":12,"minecraft:iron_pickaxe":1,"minecraft:white_bed":1,"minecraft:acacia_planks":24,"minecraft:torch":36,"minecraft:bread":10},"minecraft:used":{"minecraft:spruce_door":3,"minecraft:iron_axe":37,"minecraft:bread":2,"minecraft:iron_pickaxe":181,"minecraft:torch":9,"minecraft:cobblestone":9,"minecraft:crafting_table":3,"minecraft:white_bed":1}},"DataVersion":3463}