{"stats":{"minecraft:dropped":{"minecraft:iron_sword":1,"minecraft:wheat_seeds":3,"minecraft:oak_fence":4,"minecraft:chest_minecart":2,"minecraft:activator_rail":3,"minecraft:stick":1,"minecraft:torch":1,"minecraft:gold_nugget":2,"minecraft:string":1,"minecraft:tripwire_hook":1,"minecraft:raw_iron":1,"minecraft:rotten_flesh":17,"minecraft:oak_planks":1,"minecraft:spruce_trapdoor":2},"minecraft:mined":{"minecraft:nether_gold_ore":6,"minecraft:large_amethyst_bud":1,"minecraft:dark_prismarine":77,"minecraft:diamond_ore":2,"minecraft:white_bed":3,"minecraft:deepslate_diamond_ore":6,"minecraft:nether_bricks":2,"minecraft:ladder":1,"minecraft:obsidian":15,"minecraft:glow_lichen":1,"minecraft:spruce_trapdoor":2,"minecraft:granite":61,"minecraft:budding_amethyst":10,"minecraft:acacia_log":26,"minecraft:grass_block":24,"minecraft:nether_wart":7,"minecraft:spawner":1,"minecraft:redstone_ore":1,"minecraft:carrots":1,"minecraft:furnace":1,"minecraft:fire":12,"minecraft:iron_ore":97,"minecraft:cobbled_deepslate":1,"minecraft:andesite":12,"minecraft:fletching_table":1,"minecraft:deepslate_lapis_ore":9,"minecraft:nether_brick_stairs":2,"minecraft:gold_block":1,"minecraft:polished_deepslate":3,"minecraft:bookshelf":39,"minecraft:potatoes":45,"minecraft:small_amethyst_bud":1,"minecraft:cave_vines":3,"minecraft:deepslate_iron_ore":34,"minecraft:rail":2,"minecraft:stone":592,"minecraft:spruce_slab":8,"minecraft:acacia_leaves":4,"minecraft:soul_sand":20,"minecraft:melon_stem":6,"minecraft:amethyst_cluster":8,"minecraft:spruce_door":7,"minecraft:oak_fence":2,"minecraft:crafting_table":10,"minecraft:torch":16,"minecraft:note_block":7,"minecraft:blast_furnace":3,"minecraft:calcite":45,"minecraft:warped_roots":1,"minecraft:chest":1,"minecraft:lectern":1,"minecraft:nether_quartz_ore":21,"minecraft:copper_ore":3,"minecraft:cobblestone":64,"minecraft:lapis_ore":9,"minecraft:deepslate_gold_ore":25,"minecraft:oak_planks":1,"minecraft:diorite":52,"minecraft:wall_torch":10,"minecraft:amethyst_block":35,"minecraft:gray_wool":5,"minecraft:birch_leaves":2,"minecraft:grass":53,"minecraft:oak_log":84,"minecraft:coal_ore":190,"minecraft:acacia_fence":9,"minecraft:gravel":40,"minecraft:sand":4,"minecraft:dirt":14,"minecraft:gray_carpet":1,"minecraft:cobweb":52,"minecraft:tripwire_hook":1,"minecraft:netherrack":83,"minecraft:gold_ore":8,"minecraft:oak_leaves":8,"minecraft:deepslate":24},"minecraft:broken":{"minecraft:iron_axe":1,"minecraft:iron_pickaxe":3},"minecraft:custom":{"minecraft:mob_kills":100,"minecraft:interact_with_anvil":2,"minecraft:interact_with_crafting_table":59,"minecraft:open_barrel":14,"minecraft:bell_ring":2,"minecraft:leave_game":2,"minecraft:time_since_death":234209,"minecraft:climb_one_cm":5395,"minecraft:sprint_one_cm":333213,"minecraft:walk_one_cm":793695,"minecraft:damage_blocked_by_shield":3195,"minecraft:drop":24,"minecraft:play_noteblock":14,"minecraft:talked_to_villager":2,"minecraft:play_time":234209,"minecraft:sneak_time":20300,"minecraft:walk_under_water_one_cm":30109,"minecraft:jump":3249,"minecraft:interact_with_blast_furnace":32,"minecraft:walk_on_water_one_cm":44136,"minecraft:total_world_time":234209,"minecraft:interact_with_furnace":11,"minecraft:tune_noteblock":4,"minecraft:sleep_in_bed":4,"minecraft:time_since_rest":119659,"minecraft:damage_taken":3498,"minecraft:damage_dealt":16425,"minecraft:swim_one_cm":107022,"minecraft:fly_one_cm":467151,"minecraft:open_chest":143,"minecraft:crouch_one_cm":55338,"minecraft:interact_with_smoker":31,"minecraft:fall_one_cm":63260},"minecraft:used":{"minecraft:oak_fence":6,"minecraft:enchanting_table":1,"minecraft:iron_shovel":127,"minecraft:flint_and_steel":1,"minecraft:chest":7,"minecraft:shield":55,"minecraft:iron_sword":151,"minecraft:torch":253,"minecraft:dirt":13,"minecraft:spyglass":19,"minecraft:anvil":1,"minecraft:carrot":5,"minecraft:granite":49,"minecraft:obsidian":10,"minecraft:iron_hoe":41,"minecraft:bookshelf":18,"minecraft:iron_axe":282,"minecraft:melon_seeds":6,"minecraft:golden_carrot":4,"minecraft:oak_sapling":5,"minecraft:furnace":1,"minecraft:acacia_fence":33,"minecraft:cooked_beef":1,"minecraft:potato":64,"minecraft:cobbled_deepslate":14,"minecraft:wheat_seeds":2,"minecraft:water_bucket":13,"minecraft:diorite":43,"minecraft:spruce_door":6,"minecraft:baked_potato":42,"minecraft:glow_berries":27,"minecraft:crafting_table":11,"minecraft:blast_furnace":4,"minecraft:white_bed":4,"minecraft:smoker":1,"minecraft:dark_prismarine":38,"minecraft:diamond_pickaxe":777,"minecraft:bread":42,"minecraft:iron_pickaxe":753,"minecraft:gravel":22,"minecraft:acacia_fence_gate":2,"minecraft:diamond_sword":95,"minecraft:cobblestone":629,"minecraft:andesite":4,"minecraft:bucket":14,"minecraft:gray_wool":5,"minecraft:bone_meal":51},"minecraft:killed":{"minecraft:cave_spider":8,"minecraft:spider":7,"minecraft:skeleton":13,"minecraft:piglin":1,"minecraft:salmon":4,"minecraft:creeper":1,"minecraft:sheep":3,"minecraft:zombie":56,"minecraft:cow":5},"minecraft:crafted":{"minecraft:golden_carrot":7,"minecraft:oak_planks":216,"minecraft:smooth_stone":3,"minecraft:spyglass":1,"minecraft:furnace":2,"minecraft:acacia_fence_gate":2,"minecraft:blast_furnace":1,"minecraft:stone":3,"minecraft:bone_meal":51,"minecraft:bookshelf":20,"minecraft:flint_and_steel":1,"minecraft:cooked_mutton":4,"minecraft:iron_boots":1,"minecraft:iron_axe":2,"minecraft:iron_hoe":1,"minecraft:chest":6,"minecraft:acacia_fence":27,"minecraft:oak_fence":6,"minecraft:golden_boots":1,"minecraft:smoker":1,"minecraft:cooked_beef":1,"minecraft:diamond_sword":1,"minecraft:crafting_table":2,"minecraft:enchanting_table":1,"minecraft:baked_potato":125,"minecraft:iron_helmet":1,"minecraft:iron_sword":1,"minecraft:cooked_salmon":4,"minecraft:copper_ingot":2,"minecraft:bread":10,"minecraft:air":0,"minecraft:golden_leggings":1,"minecraft:iron_chestplate":1,"minecraft:diamond_pickaxe":1,"minecraft:gold_nugget":63,"minecraft:shield":2,"minecraft:stick":108,"minecraft:iron_ingot":127,"minecraft:iron_pickaxe":3,"minecraft:iron_block":3,"minecraft:iron_leggings":1,"minecraft:acacia_door":3,"minecraft:iron_shovel":1,"minecraft:gold_ingot":33,"minecraft:anvil":1,"minecraft:white_bed":1,"minecraft:acacia_planks":84,"minecraft:torch":192},"minecraft:picked_up":{"minecraft:crafting_table":10,"minecraft:wheat":1,"minecraft:nether_wart":20,"minecraft:chest_minecart":2,"minecraft:gold_block":1,"minecraft:amethyst_block":35,"minecraft:polished_deepslate":3,"minecraft:raw_copper":9,"minecraft:string":57,"minecraft:activator_rail":3,"minecraft:gold_nugget":26,"minecraft:cobbled_deepslate":22,"minecraft:beef":7,"minecraft:calcite":45,"minecraft:spruce_slab":4,"minecraft:lectern":1,"minecraft:chest":1,"minecraft:spruce_trapdoor":2,"minecraft:furnace":1,"minecraft:stick":3,"minecraft:raw_iron":128,"minecraft:acacia_fence":9,"minecraft:oak_fence":4,"minecraft:torch":61,"minecraft:acacia_log":25,"minecraft:note_block":7,"minecraft:diorite":51,"minecraft:carrot":4,"minecraft:redstone":4,"minecraft:arrow":13,"minecraft:rotten_flesh":54,"minecraft:nether_bricks":2,"minecraft:obsidian":15,"minecraft:glow_berries":5,"minecraft:mutton":4,"minecraft:cobblestone":648,"minecraft:white_wool":3,"minecraft:tripwire_hook":1,"minecraft:andesite":8,"minecraft:salmon":4,"minecraft:leather":2,"minecraft:potato":163,"minecraft:flint":5,"minecraft:oak_log":84,"minecraft:dirt":13,"minecraft:lapis_lazuli":121,"minecraft:name_tag":1,"minecraft:bone":12,"minecraft:apple":1,"minecraft:gray_carpet":1,"minecraft:wheat_seeds":9,"minecraft:raw_gold":33,"minecraft:fletching_table":1,"minecraft:soul_sand":20,"minecraft:acacia_sapling":1,"minecraft:oak_planks":3,"minecraft:book":117,"minecraft:quartz":21,"minecraft:amethyst_shard":34,"minecraft:gravel":93,"minecraft:sand":4,"minecraft:nether_brick_stairs":2,"minecraft:blast_furnace":3,"minecraft:white_bed":3,"minecraft:spruce_door":7,"minecraft:spider_eye":3,"minecraft:dark_prismarine":77,"minecraft:pumpkin_seeds":4,"minecraft:diamond":8,"minecraft:crossbow":1,"minecraft:granite":61,"minecraft:gray_wool":5,"minecraft:warped_roots":1,"minecraft:netherrack":64,"minecraft:oak_sapling":5,"minecraft:melon_seeds":4,"minecraft:coal":187}},"DataVersion":3463}