{"stats":{"minecraft:mined":{"minecraft:acacia_leaves":3,"minecraft:white_bed":2,"minecraft:spruce_door":7,"minecraft:crafting_table":5,"minecraft:torch":1,"minecraft:granite":1,"minecraft:acacia_log":6,"minecraft:copper_ore":3,"minecraft:cobblestone":6,"minecraft:diorite":36,"minecraft:wall_torch":2,"minecraft:iron_ore":39,"minecraft:andesite":8,"minecraft:coal_ore":170,"minecraft:oak_log":18,"minecraft:deepslate_iron_ore":1,"minecraft:sand":4,"minecraft:stone":128,"minecraft:gold_ore":3},"minecraft:dropped":{"minecraft:rotten_flesh":7,"minecraft:chest_minecart":2,"minecraft:activator_rail":3,"minecraft:torch":1},"minecraft:killed":{"minecraft:spider":1,"minecraft:sheep":3,"minecraft:skeleton":2,"minecraft:zombie":8,"minecraft:cow":1},"minecraft:custom":{"minecraft:interact_with_furnace":1,"minecraft:mob_kills":16,"minecraft:interact_with_crafting_table":8,"minecraft:open_barrel":3,"minecraft:time_since_death":38812,"minecraft:sleep_in_bed":2,"minecraft:time_since_rest":26169,"minecraft:sprint_one_cm":29020,"minecraft:damage_taken":483,"minecraft:walk_one_cm":136493,"minecraft:damage_blocked_by_shield":345,"minecraft:drop":7,"minecraft:damage_dealt":2865,"minecraft:swim_one_cm":39990,"minecraft:fly_one_cm":35697,"minecraft:open_chest":11,"minecraft:crouch_one_cm":9170,"minecraft:play_time":38812,"minecraft:sneak_time":4689,"minecraft:walk_under_water_one_cm":21608,"minecraft:jump":418,"minecraft:walk_on_water_one_cm":16028,"minecraft:total_world_time":38812,"minecraft:fall_one_cm":4542},"minecraft:picked_up":{"minecraft:crafting_table":5,"minecraft:wheat":1,"minecraft:chest_minecart":2,"minecraft:andesite":6,"minecraft:oak_log":18,"minecraft:string":2,"minecraft:raw_copper":9,"minecraft:name_tag":1,"minecraft:activator_rail":3,"minecraft:wheat_seeds":4,"minecraft:raw_gold":3,"minecraft:beef":1,"minecraft:stick":1,"minecraft:raw_iron":39,"minecraft:torch":35,"minecraft:acacia_log":6,"minecraft:sand":4,"minecraft:diorite":35,"minecraft:white_bed":2,"minecraft:spruce_door":7,"minecraft:pumpkin_seeds":4,"minecraft:arrow":3,"minecraft:rotten_flesh":12,"minecraft:granite":1,"minecraft:melon_seeds":2,"minecraft:glow_berries":5,"minecraft:mutton":4,"minecraft:coal":167,"minecraft:white_wool":3,"minecraft:cobblestone":138},"minecraft:crafted":{"minecraft:oak_planks":72,"minecraft:crafting_table":2,"minecraft:furnace":1,"minecraft:bread":10,"minecraft:shield":1,"minecraft:iron_axe":1,"minecraft:stick":16,"minecraft:iron_pickaxe":2,"minecraft:chest":2,"minecraft:acacia_door":3,"minecraft:white_bed":1,"minecraft:acacia_planks":24,"minecraft:torch":36},"minecraft:used":{"minecraft:diorite":24,"minecraft:spruce_door":6,"minecraft:chest":2,"minecraft:shield":6,"minecraft:torch":37,"minecraft:crafting_table":7,"minecraft:white_bed":3,"minecraft:iron_axe":70,"minecraft:bread":13,"minecraft:iron_pickaxe":397,"minecraft:cobblestone":87,"minecraft:furnace":1,"minecraft:andesite":3},"minecraft:broken":{"minecraft:iron_pickaxe":1}},"DataVersion":3463}