{"stats":{"minecraft:mined":{"minecraft:spruce_log":6,"minecraft:grass_block":3,"minecraft:spruce_leaves":1,"minecraft:oak_leaves":1},"minecraft:broken":{"minecraft:golden_sword":1},"minecraft:custom":{"minecraft:time_since_rest":1524,"minecraft:damage_taken":19955,"minecraft:sprint_one_cm":61807,"minecraft:walk_one_cm":96559,"minecraft:damage_dealt":169,"minecraft:interact_with_crafting_table":2,"minecraft:fly_one_cm":7903,"minecraft:open_barrel":2,"minecraft:open_chest":23,"minecraft:crouch_one_cm":1849,"minecraft:play_time":21627,"minecraft:deaths":19,"minecraft:sneak_time":348,"minecraft:walk_under_water_one_cm":418,"minecraft:jump":124,"minecraft:leave_game":3,"minecraft:walk_on_water_one_cm":2292,"minecraft:time_since_death":2112,"minecraft:sleep_in_bed":3,"minecraft:total_world_time":21627,"minecraft:fall_one_cm":190741},"minecraft:used":{"minecraft:wheat_seeds":22,"minecraft:water_bucket":1,"minecraft:wooden_hoe":24,"minecraft:rotten_flesh":2,"minecraft:golden_sword":7,"minecraft:cooked_beef":2},"minecraft:killed_by":{"minecraft:hoglin":2,"minecraft:wither_skeleton":1,"minecraft:skeleton":1,"minecraft:spider":1},"minecraft:crafted":{"minecraft:wooden_hoe":1,"minecraft:crafting_table":1,"minecraft:spruce_planks":16,"minecraft:stick":4,"minecraft:wooden_axe":1},"minecraft:picked_up":{"minecraft:wooden_axe":2,"minecraft:crafting_table":1,"minecraft:spruce_log":4,"minecraft:golden_sword":1,"minecraft:wooden_hoe":2,"minecraft:dirt":6,"minecraft:bone":1,"minecraft:wheat_seeds":30,"minecraft:bucket":1,"minecraft:spruce_planks":5}},"DataVersion":3463}