{"stats":{"minecraft:mined":{"minecraft:grass":1,"minecraft:acacia_log":15,"minecraft:acacia_leaves":45,"minecraft:dead_bush":1,"minecraft:spruce_slab":1,"minecraft:crafting_table":1},"minecraft:custom":{"minecraft:open_chest":2,"minecraft:time_since_rest":1790,"minecraft:play_time":17318,"minecraft:sprint_one_cm":14686,"minecraft:deaths":3,"minecraft:damage_taken":955,"minecraft:walk_one_cm":84193,"minecraft:walk_under_water_one_cm":384,"minecraft:jump":162,"minecraft:damage_dealt":61,"minecraft:interact_with_blast_furnace":2,"minecraft:leave_game":1,"minecraft:time_since_death":4935,"minecraft:walk_on_water_one_cm":1947,"minecraft:sleep_in_bed":1,"minecraft:total_world_time":17318,"minecraft:interact_with_crafting_table":2,"minecraft:fall_one_cm":5553,"minecraft:fly_one_cm":4616},"minecraft:used":{"minecraft:wooden_axe":1,"minecraft:wooden_sword":4,"minecraft:crafting_table":1,"minecraft:spruce_slab":1,"minecraft:acacia_sapling":2},"minecraft:killed_by":{"minecraft:skeleton":2,"minecraft:spider":1},"minecraft:crafted":{"minecraft:wooden_sword":2,"minecraft:acacia_wood":9,"minecraft:acacia_planks":48,"minecraft:crafting_table":1,"minecraft:stick":4,"minecraft:wooden_pickaxe":1,"minecraft:wooden_axe":1},"minecraft:picked_up":{"minecraft:crafting_table":1,"minecraft:stick":6,"minecraft:acacia_log":15,"minecraft:spruce_slab":1,"minecraft:acacia_sapling":2}},"DataVersion":3463}