{"stats":{"minecraft:killed_by":{"minecraft:drowned":1},"minecraft:mined":{"minecraft:jungle_leaves":6,"minecraft:acacia_log":16,"minecraft:grass_block":21,"minecraft:yellow_candle":1,"minecraft:jungle_log":7,"minecraft:coal_block":2,"minecraft:mangrove_trapdoor":10,"minecraft:composter":1,"minecraft:spawner":1,"minecraft:hay_block":7,"minecraft:tall_seagrass":1,"minecraft:barrel":7,"minecraft:andesite":31,"minecraft:pumpkin":7,"minecraft:peony":10,"minecraft:bookshelf":43,"minecraft:vine":2,"minecraft:lantern":1,"minecraft:potted_cornflower":1,"minecraft:stone":609,"minecraft:player_head":9,"minecraft:acacia_leaves":5,"minecraft:mangrove_stairs":3,"minecraft:smoker":1,"minecraft:soul_lantern":2,"minecraft:crafting_table":3,"minecraft:torch":1,"minecraft:blast_furnace":2,"minecraft:chest":2,"minecraft:dead_bush":64,"minecraft:lectern":1,"minecraft:spruce_wall_sign":1,"minecraft:copper_ore":2,"minecraft:cobblestone":1,"minecraft:lapis_ore":4,"minecraft:sugar_cane":19,"minecraft:diorite":26,"minecraft:wall_torch":4,"minecraft:lapis_block":1,"minecraft:wheat":55,"minecraft:lilac":9,"minecraft:spruce_log":3,"minecraft:brown_wall_banner":1,"minecraft:jukebox":1,"minecraft:grass":10,"minecraft:mangrove_slab":1,"minecraft:coal_ore":101,"minecraft:dirt":13,"minecraft:oak_leaves":2,"minecraft:gray_candle":1},"minecraft:dropped":{"minecraft:wheat_seeds":88,"minecraft:ink_sac":1},"minecraft:killed":{"minecraft:chicken":3,"minecraft:salmon":6,"minecraft:squid":1,"minecraft:sheep":4,"minecraft:zombie":1,"minecraft:cow":12},"minecraft:custom":{"minecraft:mob_kills":27,"minecraft:interact_with_crafting_table":15,"minecraft:open_barrel":4,"minecraft:time_since_death":103114,"minecraft:climb_one_cm":136,"minecraft:sprint_one_cm":211153,"minecraft:walk_one_cm":249611,"minecraft:drop":3,"minecraft:play_time":107688,"minecraft:deaths":1,"minecraft:sneak_time":384,"minecraft:walk_under_water_one_cm":24568,"minecraft:jump":1226,"minecraft:interact_with_blast_furnace":1,"minecraft:walk_on_water_one_cm":20431,"minecraft:total_world_time":107688,"minecraft:sleep_in_bed":3,"minecraft:time_since_rest":20049,"minecraft:damage_taken":830,"minecraft:damage_dealt":2176,"minecraft:swim_one_cm":71931,"minecraft:fly_one_cm":211566,"minecraft:open_chest":35,"minecraft:crouch_one_cm":1103,"minecraft:interact_with_smoker":10,"minecraft:fall_one_cm":26727},"minecraft:picked_up":{"minecraft:crafting_table":3,"minecraft:wheat":37,"minecraft:chicken":3,"minecraft:flower_pot":1,"minecraft:yellow_candle":3,"minecraft:lapis_block":1,"minecraft:cornflower":1,"minecraft:raw_copper":6,"minecraft:oak_sign":2,"minecraft:sea_pickle":1,"minecraft:beef":23,"minecraft:player_head":9,"minecraft:lectern":1,"minecraft:sugar_cane":37,"minecraft:coal_block":2,"minecraft:chest":2,"minecraft:stick":145,"minecraft:jukebox":1,"minecraft:composter":1,"minecraft:torch":5,"minecraft:acacia_log":18,"minecraft:diorite":26,"minecraft:mangrove_trapdoor":10,"minecraft:rotten_flesh":1,"minecraft:mangrove_stairs":3,"minecraft:peony":10,"minecraft:hay_block":7,"minecraft:mutton":5,"minecraft:white_wool":1,"minecraft:cobblestone":576,"minecraft:feather":2,"minecraft:lilac":9,"minecraft:jungle_log":7,"minecraft:salmon":6,"minecraft:andesite":31,"minecraft:leather":8,"minecraft:smoker":1,"minecraft:potato":15,"minecraft:lapis_lazuli":22,"minecraft:lantern":4,"minecraft:dirt":34,"minecraft:apple":5,"minecraft:wheat_seeds":152,"minecraft:iron_ingot":21,"minecraft:gray_candle":3,"minecraft:book":129,"minecraft:pumpkin":7,"minecraft:ink_sac":2,"minecraft:blast_furnace":2,"minecraft:spruce_log":3,"minecraft:barrel":7,"minecraft:soul_lantern":5,"minecraft:writable_book":1,"minecraft:painting":1,"minecraft:bone_meal":1,"minecraft:gray_wool":1,"minecraft:spruce_sign":3,"minecraft:bread":7,"minecraft:black_wool":2,"minecraft:brown_banner":3,"minecraft:coal":101},"minecraft:crafted":{"minecraft:black_dye":1,"minecraft:stone_shovel":1,"minecraft:furnace":1,"minecraft:cooked_mutton":5,"minecraft:stone_pickaxe":6,"minecraft:chest":1,"minecraft:black_wool":1,"minecraft:stone_hoe":1,"minecraft:smoker":1,"minecraft:wheat":9,"minecraft:cooked_beef":15,"minecraft:crafting_table":6,"minecraft:wooden_pickaxe":1,"minecraft:cooked_salmon":6,"minecraft:stone_axe":2,"minecraft:air":0,"minecraft:stone_sword":1,"minecraft:black_bed":1,"minecraft:acacia_planks":36,"minecraft:torch":20,"minecraft:lapis_block":2},"minecraft:used":{"minecraft:writable_book":1,"minecraft:stone_sword":31,"minecraft:stone_shovel":14,"minecraft:chest":2,"minecraft:cooked_salmon":6,"minecraft:player_head":4,"minecraft:stone_hoe":12,"minecraft:rotten_flesh":1,"minecraft:torch":14,"minecraft:dirt":30,"minecraft:lantern":4,"minecraft:cooked_beef":2,"minecraft:cooked_mutton":3,"minecraft:diorite":1,"minecraft:stone_pickaxe":731,"minecraft:wooden_pickaxe":59,"minecraft:composter":1,"minecraft:spruce_sign":2,"minecraft:mangrove_trapdoor":5,"minecraft:crafting_table":9,"minecraft:brown_banner":3,"minecraft:blast_furnace":2,"minecraft:black_bed":1,"minecraft:painting":1,"minecraft:smoker":2,"minecraft:apple":3,"minecraft:bread":7,"minecraft:lectern":1,"minecraft:stone_axe":126,"minecraft:cobblestone":58,"minecraft:andesite":6,"minecraft:jukebox":1},"minecraft:broken":{"minecraft:wooden_pickaxe":1,"minecraft:stone_pickaxe":5,"minecraft:stone_axe":1}},"DataVersion":3463}