{"stats":{"minecraft:dropped":{"minecraft:wheat_seeds":88,"minecraft:ink_sac":1},"minecraft:mined":{"minecraft:diamond_ore":5,"minecraft:deepslate_diamond_ore":2,"minecraft:cobblestone_stairs":13,"minecraft:jungle_leaves":6,"minecraft:budding_amethyst":2,"minecraft:acacia_log":48,"minecraft:grass_block":21,"minecraft:yellow_candle":1,"minecraft:jungle_log":41,"minecraft:coal_block":2,"minecraft:mangrove_trapdoor":10,"minecraft:composter":1,"minecraft:spawner":1,"minecraft:hay_block":7,"minecraft:tall_seagrass":1,"minecraft:redstone_ore":8,"minecraft:iron_ore":67,"minecraft:barrel":7,"minecraft:andesite":41,"minecraft:pumpkin":7,"minecraft:deepslate_lapis_ore":4,"minecraft:peony":10,"minecraft:bookshelf":43,"minecraft:deepslate_iron_ore":27,"minecraft:vine":9,"minecraft:lantern":2,"minecraft:stripped_jungle_log":1,"minecraft:potted_cornflower":1,"minecraft:bamboo":4,"minecraft:stone":934,"minecraft:player_head":9,"minecraft:deepslate_redstone_ore":6,"minecraft:acacia_leaves":6,"minecraft:mangrove_stairs":3,"minecraft:jungle_door":33,"minecraft:smoker":1,"minecraft:soul_lantern":2,"minecraft:crafting_table":3,"minecraft:torch":6,"minecraft:blast_furnace":2,"minecraft:calcite":13,"minecraft:chest":2,"minecraft:dead_bush":64,"minecraft:lectern":1,"minecraft:spruce_wall_sign":3,"minecraft:copper_ore":2,"minecraft:cobblestone":56,"minecraft:deepslate_gold_ore":24,"minecraft:lapis_ore":9,"minecraft:sugar_cane":19,"minecraft:diorite":117,"minecraft:wall_torch":8,"minecraft:amethyst_block":14,"minecraft:lapis_block":1,"minecraft:wheat":55,"minecraft:lilac":9,"minecraft:brown_wall_banner":1,"minecraft:spruce_log":3,"minecraft:jukebox":1,"minecraft:grass":11,"minecraft:mangrove_slab":1,"minecraft:oak_log":40,"minecraft:coal_ore":143,"minecraft:dirt":20,"minecraft:smooth_basalt":6,"minecraft:deepslate":15,"minecraft:gold_ore":5,"minecraft:oak_leaves":34,"minecraft:fern":1,"minecraft:gray_candle":1},"minecraft:broken":{"minecraft:wooden_pickaxe":1,"minecraft:stone_pickaxe":10,"minecraft:stone_axe":2},"minecraft:custom":{"minecraft:mob_kills":63,"minecraft:interact_with_crafting_table":41,"minecraft:open_barrel":6,"minecraft:leave_game":3,"minecraft:time_since_death":32026,"minecraft:climb_one_cm":3200,"minecraft:sprint_one_cm":407884,"minecraft:walk_one_cm":422545,"minecraft:damage_blocked_by_shield":1125,"minecraft:drop":3,"minecraft:play_time":266538,"minecraft:sneak_time":2181,"minecraft:deaths":3,"minecraft:walk_under_water_one_cm":117765,"minecraft:jump":2469,"minecraft:interact_with_blast_furnace":19,"minecraft:walk_on_water_one_cm":81314,"minecraft:total_world_time":266538,"minecraft:interact_with_furnace":5,"minecraft:interact_with_stonecutter":2,"minecraft:sleep_in_bed":4,"minecraft:time_since_rest":11080,"minecraft:damage_taken":2406,"minecraft:damage_dealt":5100,"minecraft:swim_one_cm":337018,"minecraft:fly_one_cm":391643,"minecraft:open_chest":103,"minecraft:crouch_one_cm":4201,"minecraft:interact_with_smoker":19,"minecraft:fall_one_cm":54212},"minecraft:used":{"minecraft:writable_book":1,"minecraft:stone_sword":82,"minecraft:stone_shovel":17,"minecraft:chest":4,"minecraft:shield":19,"minecraft:iron_sword":23,"minecraft:cooked_salmon":7,"minecraft:cooked_chicken":3,"minecraft:stone_hoe":12,"minecraft:player_head":5,"minecraft:rotten_flesh":1,"minecraft:torch":48,"minecraft:dirt":41,"minecraft:acacia_sapling":4,"minecraft:iron_axe":45,"minecraft:lantern":4,"minecraft:iron_helmet":1,"minecraft:iron_boots":1,"minecraft:barrel":4,"minecraft:bow":7,"minecraft:oak_sapling":1,"minecraft:furnace":1,"minecraft:cooked_beef":15,"minecraft:iron_leggings":1,"minecraft:cooked_mutton":5,"minecraft:water_bucket":18,"minecraft:diorite":5,"minecraft:cobblestone_stairs":124,"minecraft:stone_pickaxe":1356,"minecraft:baked_potato":2,"minecraft:wooden_pickaxe":59,"minecraft:composter":1,"minecraft:spruce_sign":5,"minecraft:stonecutter":1,"minecraft:mangrove_trapdoor":5,"minecraft:crafting_table":9,"minecraft:blast_furnace":2,"minecraft:brown_banner":3,"minecraft:painting":1,"minecraft:black_bed":1,"minecraft:smoker":2,"minecraft:apple":3,"minecraft:bread":7,"minecraft:iron_pickaxe":118,"minecraft:lectern":1,"minecraft:stone_axe":253,"minecraft:cobblestone":263,"minecraft:andesite":6,"minecraft:bucket":20,"minecraft:jungle_door":42,"minecraft:jukebox":1},"minecraft:killed":{"minecraft:skeleton":7,"minecraft:chicken":3,"minecraft:drowned":2,"minecraft:salmon":27,"minecraft:squid":1,"minecraft:sheep":4,"minecraft:zombie":2,"minecraft:glow_squid":4,"minecraft:cow":12},"minecraft:killed_by":{"minecraft:spider":1,"minecraft:drowned":1,"minecraft:zombie":1},"minecraft:crafted":{"minecraft:black_dye":1,"minecraft:stone_shovel":1,"minecraft:cooked_chicken":3,"minecraft:furnace":2,"minecraft:stone":7,"minecraft:cooked_mutton":5,"minecraft:iron_boots":2,"minecraft:iron_axe":1,"minecraft:stone_pickaxe":11,"minecraft:chest":2,"minecraft:black_wool":1,"minecraft:stone_hoe":1,"minecraft:smoker":1,"minecraft:wheat":9,"minecraft:cooked_beef":23,"minecraft:crafting_table":6,"minecraft:spruce_planks":12,"minecraft:wooden_pickaxe":1,"minecraft:iron_helmet":2,"minecraft:iron_sword":1,"minecraft:cooked_salmon":25,"minecraft:bucket":2,"minecraft:stone_axe":3,"minecraft:air":0,"minecraft:jungle_planks":28,"minecraft:jungle_door":9,"minecraft:iron_chestplate":2,"minecraft:shield":2,"minecraft:stick":16,"minecraft:iron_ingot":68,"minecraft:iron_pickaxe":2,"minecraft:gold_ingot":20,"minecraft:stone_sword":1,"minecraft:iron_leggings":2,"minecraft:black_bed":1,"minecraft:stonecutter":1,"minecraft:acacia_planks":40,"minecraft:torch":48,"minecraft:lapis_block":2},"minecraft:picked_up":{"minecraft:cocoa_beans":4,"minecraft:crafting_table":3,"minecraft:wheat":37,"minecraft:chicken":3,"minecraft:flower_pot":1,"minecraft:yellow_candle":3,"minecraft:amethyst_block":14,"minecraft:lapis_block":1,"minecraft:cornflower":1,"minecraft:raw_copper":6,"minecraft:oak_sign":2,"minecraft:sea_pickle":1,"minecraft:cobbled_deepslate":15,"minecraft:beef":23,"minecraft:player_head":9,"minecraft:calcite":13,"minecraft:jungle_sapling":2,"minecraft:lectern":1,"minecraft:coal_block":2,"minecraft:sugar_cane":37,"minecraft:chest":2,"minecraft:stick":156,"minecraft:raw_iron":92,"minecraft:jungle_door":34,"minecraft:jukebox":1,"minecraft:composter":1,"minecraft:torch":15,"minecraft:acacia_log":50,"minecraft:diorite":117,"minecraft:redstone":65,"minecraft:mangrove_trapdoor":10,"minecraft:arrow":9,"minecraft:rotten_flesh":3,"minecraft:mangrove_stairs":3,"minecraft:peony":10,"minecraft:hay_block":7,"minecraft:mutton":5,"minecraft:cobblestone":973,"minecraft:white_wool":1,"minecraft:feather":2,"minecraft:lilac":9,"minecraft:andesite":39,"minecraft:glow_ink_sac":10,"minecraft:salmon":25,"minecraft:jungle_log":41,"minecraft:leather":8,"minecraft:smoker":1,"minecraft:potato":15,"minecraft:oak_log":40,"minecraft:cobblestone_stairs":13,"minecraft:lantern":5,"minecraft:lapis_lazuli":66,"minecraft:dirt":41,"minecraft:bone":3,"minecraft:apple":5,"minecraft:bow":2,"minecraft:wheat_seeds":152,"minecraft:raw_gold":29,"minecraft:iron_ingot":21,"minecraft:bamboo":32,"minecraft:gray_candle":3,"minecraft:acacia_sapling":4,"minecraft:book":129,"minecraft:smooth_basalt":6,"minecraft:pumpkin":7,"minecraft:blast_furnace":2,"minecraft:ink_sac":2,"minecraft:spruce_log":3,"minecraft:barrel":7,"minecraft:stripped_jungle_log":1,"minecraft:diamond":7,"minecraft:soul_lantern":5,"minecraft:writable_book":1,"minecraft:painting":1,"minecraft:bone_meal":2,"minecraft:gray_wool":1,"minecraft:spruce_sign":5,"minecraft:bread":7,"minecraft:oak_sapling":3,"minecraft:brown_banner":3,"minecraft:black_wool":2,"minecraft:coal":143}},"DataVersion":3463}