{"stats":{"minecraft:dropped":{"minecraft:iron_sword":3,"minecraft:cooked_beef":52,"minecraft:oak_log":32,"minecraft:diamond":1,"minecraft:rail":3,"minecraft:dirt":287,"minecraft:crimson_roots":1,"minecraft:iron_pickaxe":5,"minecraft:bone":6,"minecraft:stone_axe":1,"minecraft:golden_chestplate":1,"minecraft:cobbled_deepslate":1,"minecraft:rotten_flesh":42,"minecraft:gunpowder":1,"minecraft:netherrack":4,"minecraft:crimson_planks":4,"minecraft:stone_hoe":2,"minecraft:golden_boots":1,"minecraft:iron_ingot":48,"minecraft:netherite_pickaxe":1,"minecraft:wheat_seeds":116,"minecraft:iron_helmet":3,"minecraft:cobblestone":20,"minecraft:granite":24,"minecraft:stick":27,"minecraft:diorite":4,"minecraft:iron_leggings":1,"minecraft:iron_shovel":3,"minecraft:string":1,"minecraft:redstone":9,"minecraft:sweet_berries":47,"minecraft:player_head":2,"minecraft:stone_sword":1,"minecraft:raw_iron":30,"minecraft:iron_boots":1,"minecraft:diamond_sword":1,"minecraft:shield":2,"minecraft:iron_chestplate":1,"minecraft:andesite":64,"minecraft:bow":1,"minecraft:magenta_dye":1,"minecraft:calcite":3},"minecraft:mined":{"minecraft:large_amethyst_bud":1,"minecraft:white_bed":1,"minecraft:oak_sapling":2,"minecraft:pink_bed":1,"minecraft:cobblestone_stairs":2,"minecraft:sculk_vein":3,"minecraft:budding_amethyst":1,"minecraft:deepslate_tile_wall":4,"minecraft:grass_block":1035,"minecraft:deepslate_bricks":27,"minecraft:crimson_fungus":2,"minecraft:spawner":1,"minecraft:weeping_vines_plant":1,"minecraft:magma_block":2,"minecraft:iron_ore":202,"minecraft:cobbled_deepslate":3,"minecraft:deepslate_lapis_ore":12,"minecraft:anvil":2,"minecraft:pointed_dripstone":5,"minecraft:dirt_path":3,"minecraft:deepslate_brick_stairs":1,"minecraft:deepslate_redstone_ore":5,"minecraft:blackstone":38,"minecraft:crimson_nylium":4,"minecraft:medium_amethyst_bud":1,"minecraft:amethyst_cluster":2,"minecraft:torch":11,"minecraft:blast_furnace":3,"minecraft:chest":13,"minecraft:cobblestone":70,"minecraft:sugar_cane":4,"minecraft:wall_torch":3,"minecraft:amethyst_block":64,"minecraft:magenta_bed":1,"minecraft:lilac":16,"minecraft:warped_fungus":1,"minecraft:grass":89,"minecraft:oak_log":6,"minecraft:sand":128,"minecraft:dirt":76,"minecraft:crimson_planks":123,"minecraft:stonecutter":1,"minecraft:netherrack":51,"minecraft:oak_leaves":28,"minecraft:deepslate":511,"minecraft:deepslate_tiles":21,"minecraft:diamond_ore":6,"minecraft:tuff":1,"minecraft:deepslate_diamond_ore":1,"minecraft:glow_lichen":1,"minecraft:crimson_roots":4,"minecraft:crimson_stem":2,"minecraft:redstone_ore":1,"minecraft:andesite":19,"minecraft:peony":31,"minecraft:deepslate_iron_ore":116,"minecraft:shroomlight":32,"minecraft:crimson_door":1,"minecraft:stone":588,"minecraft:glass_pane":1,"minecraft:dandelion":1,"minecraft:crafting_table":5,"minecraft:tall_grass":2,"minecraft:copper_ore":7,"minecraft:deepslate_coal_ore":1,"minecraft:lapis_ore":15,"minecraft:deepslate_gold_ore":37,"minecraft:diorite":1,"minecraft:coal_ore":288,"minecraft:cobweb":4,"minecraft:gold_ore":10,"minecraft:crimson_hyphae":3},"minecraft:custom":{"minecraft:interact_with_crafting_table":76,"minecraft:open_barrel":1,"minecraft:leave_game":6,"minecraft:time_since_death":428155,"minecraft:sprint_one_cm":1710352,"minecraft:damage_blocked_by_shield":5170,"minecraft:drop":108,"minecraft:play_time":535751,"minecraft:deaths":3,"minecraft:jump":8678,"minecraft:walk_on_water_one_cm":88699,"minecraft:interact_with_furnace":23,"minecraft:sleep_in_bed":5,"minecraft:damage_dealt":21189,"minecraft:player_kills":1,"minecraft:crouch_one_cm":26093,"minecraft:interact_with_smoker":14,"minecraft:mob_kills":129,"minecraft:interact_with_anvil":6,"minecraft:climb_one_cm":1412,"minecraft:walk_one_cm":1470981,"minecraft:sneak_time":9235,"minecraft:walk_under_water_one_cm":51068,"minecraft:interact_with_blast_furnace":86,"minecraft:total_world_time":535751,"minecraft:interact_with_stonecutter":33,"minecraft:time_since_rest":118975,"minecraft:damage_taken":6404,"minecraft:swim_one_cm":35232,"minecraft:fly_one_cm":1876648,"minecraft:open_chest":201,"minecraft:fall_one_cm":194530},"minecraft:broken":{"minecraft:iron_shovel":4,"minecraft:golden_shovel":1,"minecraft:stone_pickaxe":1,"minecraft:stone_sword":1,"minecraft:wooden_pickaxe":1,"minecraft:shield":1,"minecraft:iron_axe":1,"minecraft:iron_pickaxe":7},"minecraft:used":{"minecraft:peony":30,"minecraft:iron_shovel":1212,"minecraft:chest":8,"minecraft:shield":84,"minecraft:iron_sword":238,"minecraft:rotten_flesh":3,"minecraft:deepslate_brick_slab":6,"minecraft:glass":42,"minecraft:lava_bucket":27,"minecraft:lantern":4,"minecraft:crimson_roots":4,"minecraft:bow":51,"minecraft:sweet_berries":20,"minecraft:furnace":1,"minecraft:oak_sapling":23,"minecraft:stone_pickaxe":197,"minecraft:oak_planks":4,"minecraft:wooden_pickaxe":59,"minecraft:sugar_cane":9,"minecraft:blast_furnace":8,"minecraft:deepslate_brick_stairs":11,"minecraft:deepslate_tiles":174,"minecraft:lilac":13,"minecraft:crimson_door":7,"minecraft:andesite":5,"minecraft:oak_boat":2,"minecraft:stone_sword":124,"minecraft:flint_and_steel":2,"minecraft:stone_hoe":32,"minecraft:cooked_chicken":4,"minecraft:netherrack":49,"minecraft:torch":161,"minecraft:spyglass":10,"minecraft:dirt":330,"minecraft:anvil":3,"minecraft:crimson_hyphae":10,"minecraft:golden_shovel":33,"minecraft:shroomlight":25,"minecraft:iron_axe":144,"minecraft:crimson_planks":362,"minecraft:barrel":4,"minecraft:cooked_beef":109,"minecraft:cobbled_deepslate":3,"minecraft:crimson_stem":98,"minecraft:calcite":3,"minecraft:water_bucket":215,"minecraft:amethyst_block":45,"minecraft:cobblestone_stairs":6,"minecraft:baked_potato":1,"minecraft:stonecutter":2,"minecraft:deepslate_bricks":214,"minecraft:crafting_table":8,"minecraft:magenta_bed":2,"minecraft:white_bed":1,"minecraft:campfire":1,"minecraft:smoker":4,"minecraft:deepslate_tile_wall":50,"minecraft:apple":2,"minecraft:iron_pickaxe":1875,"minecraft:spruce_sapling":1,"minecraft:stone_axe":34,"minecraft:pink_bed":2,"minecraft:cobblestone":573,"minecraft:bucket":243,"minecraft:glass_pane":123},"minecraft:killed":{"minecraft:cave_spider":1,"minecraft:spider":10,"minecraft:skeleton":18,"minecraft:chicken":4,"minecraft:piglin":3,"minecraft:creeper":5,"minecraft:pillager":2,"minecraft:zombie":61,"minecraft:glow_squid":1,"minecraft:cow":10,"minecraft:phantom":4,"minecraft:hoglin":5,"minecraft:enderman":2},"minecraft:killed_by":{"minecraft:wither_skeleton":1,"minecraft:creeper":1,"minecraft:zombie":1},"minecraft:crafted":{"minecraft:oak_planks":80,"minecraft:smooth_stone":3,"minecraft:barrel":4,"minecraft:pink_bed":1,"minecraft:cooked_chicken":4,"minecraft:stone":6,"minecraft:glass":104,"minecraft:iron_boots":1,"minecraft:chest":8,"minecraft:stone_hoe":1,"minecraft:magenta_dye":2,"minecraft:smoker":4,"minecraft:oak_slab":18,"minecraft:crafting_table":3,"minecraft:spruce_planks":20,"minecraft:iron_helmet":1,"minecraft:wooden_pickaxe":1,"minecraft:copper_ingot":8,"minecraft:campfire":1,"minecraft:iron_chestplate":1,"minecraft:shield":2,"minecraft:stick":24,"minecraft:iron_ingot":334,"minecraft:iron_pickaxe":9,"minecraft:iron_block":3,"minecraft:stone_sword":1,"minecraft:gold_ingot":68,"minecraft:deepslate_bricks":1,"minecraft:shears":1,"minecraft:crimson_hyphae":6,"minecraft:iron_nugget":18,"minecraft:spyglass":1,"minecraft:furnace":11,"minecraft:blast_furnace":1,"minecraft:pink_dye":2,"minecraft:glass_pane":144,"minecraft:flint_and_steel":1,"minecraft:lantern":2,"minecraft:iron_axe":3,"minecraft:stone_pickaxe":2,"minecraft:deepslate_tile_wall":2,"minecraft:cooked_beef":2,"minecraft:crimson_planks":376,"minecraft:magenta_bed":1,"minecraft:enchanting_table":1,"minecraft:iron_sword":1,"minecraft:golden_shovel":1,"minecraft:bucket":1,"minecraft:deepslate_tiles":1,"minecraft:stone_axe":2,"minecraft:air":0,"minecraft:oak_boat":2,"minecraft:white_wool":3,"minecraft:iron_shovel":5,"minecraft:iron_leggings":1,"minecraft:anvil":1,"minecraft:stonecutter":1,"minecraft:crimson_door":6,"minecraft:white_bed":2,"minecraft:torch":16},"minecraft:picked_up":{"minecraft:iron_chestplate":2,"minecraft:anvil":2,"minecraft:diamond_sword":1,"minecraft:crimson_planks":127,"minecraft:amethyst_block":65,"minecraft:string":53,"minecraft:raw_copper":31,"minecraft:iron_leggings":2,"minecraft:shroomlight":30,"minecraft:deepslate_tiles":21,"minecraft:cobbled_deepslate":508,"minecraft:bucket":18,"minecraft:calcite":6,"minecraft:iron_pickaxe":5,"minecraft:deepslate_tile_wall":4,"minecraft:iron_boots":2,"minecraft:golden_helmet":1,"minecraft:stick":178,"minecraft:torch":342,"minecraft:porkchop":8,"minecraft:pointed_dripstone":14,"minecraft:diorite":4,"minecraft:golden_chestplate":1,"minecraft:stone_sword":5,"minecraft:rotten_flesh":100,"minecraft:deepslate_brick_stairs":1,"minecraft:obsidian":4,"minecraft:cobblestone":942,"minecraft:crimson_hyphae":4,"minecraft:cooked_beef":352,"minecraft:feather":40,"minecraft:lilac":14,"minecraft:water_bucket":1,"minecraft:andesite":89,"minecraft:magenta_dye":1,"minecraft:magenta_bed":1,"minecraft:lapis_lazuli":199,"minecraft:dirt":882,"minecraft:lantern":2,"minecraft:bone":66,"minecraft:stonecutter":1,"minecraft:bow":6,"minecraft:wheat_seeds":315,"minecraft:raw_gold":63,"minecraft:stone_hoe":2,"minecraft:oak_planks":124,"minecraft:stripped_crimson_stem":5,"minecraft:sand":128,"minecraft:crimson_door":3,"minecraft:diamond":8,"minecraft:crossbow":1,"minecraft:granite":24,"minecraft:chainmail_helmet":1,"minecraft:oak_sapling":20,"minecraft:netherrack":59,"minecraft:crimson_roots":5,"minecraft:crafting_table":25,"minecraft:chicken":4,"minecraft:shield":6,"minecraft:iron_axe":1,"minecraft:iron_shovel":3,"minecraft:blackstone":39,"minecraft:beef":25,"minecraft:player_head":2,"minecraft:sugar_cane":9,"minecraft:chest":13,"minecraft:raw_iron":348,"minecraft:carrot":1,"minecraft:redstone":36,"minecraft:netherite_pickaxe":1,"minecraft:arrow":76,"minecraft:peony":31,"minecraft:deepslate_bricks":27,"minecraft:rail":3,"minecraft:glow_ink_sac":2,"minecraft:crimson_stem":349,"minecraft:leather":119,"minecraft:crimson_fungus":2,"minecraft:oak_log":534,"minecraft:golden_boots":1,"minecraft:gunpowder":8,"minecraft:cobblestone_stairs":2,"minecraft:white_banner":1,"minecraft:apple":3,"minecraft:stone_pickaxe":7,"minecraft:iron_ingot":65,"minecraft:iron_sword":4,"minecraft:pink_bed":1,"minecraft:warped_fungus":1,"minecraft:sweet_berries":67,"minecraft:spyglass":1,"minecraft:amethyst_shard":22,"minecraft:spruce_sapling":1,"minecraft:blast_furnace":23,"minecraft:white_bed":1,"minecraft:spruce_log":5,"minecraft:spider_eye":21,"minecraft:stone_axe":3,"minecraft:iron_helmet":4,"minecraft:baked_potato":1,"minecraft:coal":566,"minecraft:ender_pearl":1}},"DataVersion":3463}