{"stats":{"minecraft:dropped":{"minecraft:iron_sword":4,"minecraft:cooked_beef":74,"minecraft:oak_log":32,"minecraft:diamond":1,"minecraft:crafting_table":2,"minecraft:crossbow":1,"minecraft:rail":3,"minecraft:dirt":287,"minecraft:crimson_roots":1,"minecraft:pumpkin_pie":24,"minecraft:iron_pickaxe":5,"minecraft:bone":6,"minecraft:stone_axe":3,"minecraft:golden_chestplate":3,"minecraft:cobbled_deepslate":1,"minecraft:rotten_flesh":44,"minecraft:gunpowder":1,"minecraft:netherrack":44,"minecraft:crimson_planks":115,"minecraft:water_bucket":1,"minecraft:stone_hoe":2,"minecraft:golden_boots":3,"minecraft:iron_ingot":48,"minecraft:netherite_pickaxe":1,"minecraft:wheat_seeds":119,"minecraft:iron_helmet":3,"minecraft:golden_axe":1,"minecraft:cobblestone":20,"minecraft:granite":24,"minecraft:coal":51,"minecraft:stick":27,"minecraft:diorite":4,"minecraft:torch":26,"minecraft:iron_leggings":1,"minecraft:iron_shovel":3,"minecraft:string":1,"minecraft:redstone":51,"minecraft:sweet_berries":47,"minecraft:player_head":2,"minecraft:stone_sword":3,"minecraft:bowl":2,"minecraft:raw_iron":30,"minecraft:iron_boots":1,"minecraft:flint_and_steel":1,"minecraft:diamond_sword":1,"minecraft:shield":3,"minecraft:iron_chestplate":2,"minecraft:andesite":64,"minecraft:golden_sword":2,"minecraft:bow":1,"minecraft:magenta_dye":1,"minecraft:calcite":3},"minecraft:mined":{"minecraft:large_amethyst_bud":1,"minecraft:white_bed":1,"minecraft:oak_sapling":2,"minecraft:pink_bed":1,"minecraft:cobblestone_stairs":2,"minecraft:sculk_vein":3,"minecraft:granite":4,"minecraft:budding_amethyst":1,"minecraft:stripped_crimson_hyphae":2,"minecraft:deepslate_tile_wall":7,"minecraft:grass_block":1065,"minecraft:deepslate_bricks":48,"minecraft:composter":2,"minecraft:crimson_fungus":2,"minecraft:oxeye_daisy":1,"minecraft:nether_wart":20,"minecraft:spawner":1,"minecraft:weeping_vines_plant":2,"minecraft:magma_block":3,"minecraft:iron_ore":224,"minecraft:barrel":1,"minecraft:cobbled_deepslate":3,"minecraft:sticky_piston":4,"minecraft:fire":50,"minecraft:anvil":3,"minecraft:deepslate_lapis_ore":12,"minecraft:fletching_table":3,"minecraft:azure_bluet":1,"minecraft:pointed_dripstone":5,"minecraft:dirt_path":3,"minecraft:deepslate_brick_stairs":1,"minecraft:spruce_slab":2,"minecraft:deepslate_redstone_ore":13,"minecraft:brown_mushroom":20,"minecraft:blackstone":38,"minecraft:medium_amethyst_bud":1,"minecraft:crimson_nylium":5,"minecraft:amethyst_cluster":2,"minecraft:clay":14,"minecraft:torch":12,"minecraft:blast_furnace":3,"minecraft:chest":13,"minecraft:nether_quartz_ore":618,"minecraft:cobblestone":101,"minecraft:sugar_cane":158,"minecraft:wall_torch":7,"minecraft:amethyst_block":66,"minecraft:wheat":9,"minecraft:magenta_bed":1,"minecraft:lilac":19,"minecraft:warped_fungus":1,"minecraft:grass":94,"minecraft:oak_log":6,"minecraft:sand":128,"minecraft:dirt":145,"minecraft:crimson_planks":135,"minecraft:stonecutter":1,"minecraft:netherrack":358,"minecraft:piston":1,"minecraft:stripped_crimson_stem":2,"minecraft:oak_leaves":64,"minecraft:deepslate":693,"minecraft:nether_gold_ore":36,"minecraft:deepslate_tiles":35,"minecraft:diamond_ore":6,"minecraft:tuff":679,"minecraft:deepslate_diamond_ore":1,"minecraft:glow_lichen":1,"minecraft:nether_bricks":25,"minecraft:stone_button":7,"minecraft:crimson_roots":4,"minecraft:redstone_wire":7,"minecraft:crimson_stem":4,"minecraft:redstone_ore":2,"minecraft:carrots":147,"minecraft:andesite":19,"minecraft:peony":31,"minecraft:gold_block":1,"minecraft:bookshelf":4,"minecraft:shroomlight":35,"minecraft:deepslate_iron_ore":131,"minecraft:crimson_door":1,"minecraft:stone":623,"minecraft:redstone_wall_torch":19,"minecraft:oak_slab":1,"minecraft:redstone_block":4,"minecraft:glass_pane":1,"minecraft:soul_sand":21,"minecraft:dandelion":1,"minecraft:crafting_table":6,"minecraft:copper_ore":7,"minecraft:tall_grass":2,"minecraft:deepslate_coal_ore":1,"minecraft:lapis_ore":15,"minecraft:deepslate_gold_ore":54,"minecraft:diorite":1,"minecraft:redstone_torch":9,"minecraft:coal_ore":336,"minecraft:gravel":85,"minecraft:cobweb":4,"minecraft:gold_ore":10,"minecraft:crimson_hyphae":3},"minecraft:custom":{"minecraft:interact_with_crafting_table":155,"minecraft:open_barrel":29,"minecraft:leave_game":11,"minecraft:time_since_death":55982,"minecraft:sprint_one_cm":3335164,"minecraft:damage_blocked_by_shield":7360,"minecraft:drop":144,"minecraft:talked_to_villager":64,"minecraft:play_time":1063792,"minecraft:deaths":7,"minecraft:jump":16458,"minecraft:interact_with_brewingstand":14,"minecraft:walk_on_water_one_cm":115622,"minecraft:enchant_item":9,"minecraft:interact_with_furnace":35,"minecraft:traded_with_villager":198,"minecraft:sleep_in_bed":12,"minecraft:damage_dealt":31636,"minecraft:player_kills":4,"minecraft:crouch_one_cm":46408,"minecraft:interact_with_smoker":22,"minecraft:horse_one_cm":66660,"minecraft:interact_with_anvil":6,"minecraft:mob_kills":218,"minecraft:climb_one_cm":1731,"minecraft:walk_one_cm":2691698,"minecraft:sneak_time":15917,"minecraft:walk_under_water_one_cm":59753,"minecraft:interact_with_blast_furnace":115,"minecraft:total_world_time":1063792,"minecraft:raid_trigger":1,"minecraft:pot_flower":2,"minecraft:interact_with_stonecutter":49,"minecraft:interact_with_grindstone":9,"minecraft:time_since_rest":21303,"minecraft:damage_taken":12027,"minecraft:swim_one_cm":46320,"minecraft:fly_one_cm":3696315,"minecraft:open_chest":504,"minecraft:fall_one_cm":380005},"minecraft:broken":{"minecraft:golden_helmet":1,"minecraft:iron_shovel":5,"minecraft:iron_boots":1,"minecraft:iron_chestplate":1,"minecraft:golden_shovel":1,"minecraft:iron_leggings":1,"minecraft:stone_pickaxe":6,"minecraft:stone_sword":1,"minecraft:wooden_pickaxe":1,"minecraft:shield":2,"minecraft:iron_axe":1,"minecraft:iron_pickaxe":9,"minecraft:iron_helmet":1,"minecraft:golden_pickaxe":1},"minecraft:used":{"minecraft:peony":30,"minecraft:iron_shovel":1270,"minecraft:spruce_slab":2,"minecraft:shield":110,"minecraft:chest":23,"minecraft:iron_sword":371,"minecraft:nether_wart":20,"minecraft:rotten_flesh":34,"minecraft:iron_chestplate":2,"minecraft:soul_sand":21,"minecraft:carrot":232,"minecraft:deepslate_brick_slab":6,"minecraft:tuff":1,"minecraft:glass":42,"minecraft:lava_bucket":27,"minecraft:lantern":6,"minecraft:iron_helmet":1,"minecraft:crimson_roots":4,"minecraft:bow":104,"minecraft:sweet_berries":20,"minecraft:oak_sapling":96,"minecraft:furnace":1,"minecraft:golden_boots":1,"minecraft:chiseled_polished_blackstone":2,"minecraft:oak_planks":4,"minecraft:stone_pickaxe":852,"minecraft:wooden_pickaxe":59,"minecraft:redstone_block":4,"minecraft:composter":3,"minecraft:sugar_cane":49,"minecraft:blast_furnace":8,"minecraft:deepslate_brick_stairs":11,"minecraft:deepslate_tiles":390,"minecraft:redstone_torch":28,"minecraft:sticky_piston":4,"minecraft:stone_button":7,"minecraft:bread":28,"minecraft:gravel":85,"minecraft:lilac":13,"minecraft:diamond_sword":92,"minecraft:grindstone":1,"minecraft:crimson_door":7,"minecraft:cooked_rabbit":1,"minecraft:andesite":5,"minecraft:air":1,"minecraft:oak_boat":2,"minecraft:bone_meal":99,"minecraft:golden_pickaxe":32,"minecraft:enchanting_table":1,"minecraft:stone_sword":124,"minecraft:flint_and_steel":2,"minecraft:stone_shovel":114,"minecraft:redstone":7,"minecraft:stone_hoe":117,"minecraft:cooked_chicken":4,"minecraft:netherrack":152,"minecraft:spyglass":10,"minecraft:torch":185,"minecraft:brewing_stand":1,"minecraft:anvil":4,"minecraft:dirt":604,"minecraft:crimson_hyphae":14,"minecraft:golden_shovel":33,"minecraft:granite":4,"minecraft:shroomlight":32,"minecraft:bookshelf":18,"minecraft:iron_axe":276,"minecraft:crimson_slab":2,"minecraft:polished_blackstone_brick_stairs":12,"minecraft:iron_boots":2,"minecraft:crimson_planks":372,"minecraft:barrel":7,"minecraft:cooked_beef":173,"minecraft:cobbled_deepslate":3,"minecraft:crimson_stem":222,"minecraft:calcite":3,"minecraft:wheat_seeds":17,"minecraft:water_bucket":284,"minecraft:amethyst_block":51,"minecraft:cobblestone_stairs":6,"minecraft:glass_bottle":7,"minecraft:baked_potato":1,"minecraft:fletching_table":4,"minecraft:stonecutter":2,"minecraft:deepslate_bricks":241,"minecraft:oak_slab":1,"minecraft:crafting_table":12,"minecraft:magenta_bed":2,"minecraft:white_bed":1,"minecraft:campfire":1,"minecraft:smoker":4,"minecraft:deepslate_tile_wall":57,"minecraft:piston":1,"minecraft:flower_pot":2,"minecraft:diamond_pickaxe":890,"minecraft:apple":2,"minecraft:suspicious_stew":2,"minecraft:iron_pickaxe":2392,"minecraft:spruce_sapling":1,"minecraft:stone_axe":34,"minecraft:pink_bed":2,"minecraft:cobblestone":694,"minecraft:potion":1,"minecraft:crimson_stairs":4,"minecraft:white_banner":1,"minecraft:cooked_porkchop":3,"minecraft:bucket":314,"minecraft:glass_pane":141,"minecraft:pumpkin_pie":20,"minecraft:splash_potion":4},"minecraft:killed":{"minecraft:cave_spider":1,"minecraft:spider":16,"minecraft:skeleton":29,"minecraft:chicken":4,"minecraft:piglin":3,"minecraft:pig":2,"minecraft:creeper":8,"minecraft:pillager":7,"minecraft:zombie":88,"minecraft:ghast":1,"minecraft:glow_squid":1,"minecraft:blaze":10,"minecraft:cow":10,"minecraft:slime":15,"minecraft:phantom":6,"minecraft:rabbit":1,"minecraft:hoglin":5,"minecraft:wither_skeleton":5,"minecraft:enderman":2},"minecraft:killed_by":{"minecraft:wither_skeleton":3,"minecraft:creeper":2,"minecraft:zombie":1},"minecraft:crafted":{"minecraft:brick":56,"minecraft:grindstone":1,"minecraft:smooth_stone":3,"minecraft:oak_planks":2784,"minecraft:barrel":6,"minecraft:pink_bed":1,"minecraft:blaze_powder":2,"minecraft:cooked_chicken":4,"minecraft:birch_slab":12,"minecraft:stone":14,"minecraft:bookshelf":19,"minecraft:suspicious_stew":7,"minecraft:quartz_block":129,"minecraft:glass":120,"minecraft:repeater":2,"minecraft:bow":2,"minecraft:iron_boots":3,"minecraft:chest":11,"minecraft:stone_hoe":1,"minecraft:magenta_dye":2,"minecraft:cooked_rabbit":1,"minecraft:flower_pot":2,"minecraft:golden_boots":1,"minecraft:smoker":4,"minecraft:glass_bottle":6,"minecraft:oak_slab":18,"minecraft:arrow":96,"minecraft:emerald":153,"minecraft:cooked_porkchop":12,"minecraft:crafting_table":6,"minecraft:spruce_planks":20,"minecraft:wooden_pickaxe":1,"minecraft:iron_helmet":3,"minecraft:copper_ingot":8,"minecraft:sticky_piston":2,"minecraft:fletching_table":1,"minecraft:brewing_stand":1,"minecraft:birch_planks":20,"minecraft:campfire":1,"minecraft:lectern":1,"minecraft:iron_chestplate":3,"minecraft:book":29,"minecraft:paper":102,"minecraft:diamond_pickaxe":1,"minecraft:shield":6,"minecraft:stick":5236,"minecraft:stone_slab":2,"minecraft:iron_ingot":385,"minecraft:iron_pickaxe":12,"minecraft:iron_block":3,"minecraft:stone_sword":1,"minecraft:gold_ingot":108,"minecraft:redstone_torch":8,"minecraft:composter":1,"minecraft:deepslate_bricks":1,"minecraft:shears":1,"minecraft:crimson_hyphae":12,"minecraft:stone_shovel":1,"minecraft:iron_nugget":36,"minecraft:spyglass":1,"minecraft:furnace":11,"minecraft:stone_button":1,"minecraft:blast_furnace":1,"minecraft:piston":2,"minecraft:bone_meal":99,"minecraft:pink_dye":2,"minecraft:glass_pane":144,"minecraft:flint_and_steel":1,"minecraft:lantern":4,"minecraft:iron_axe":8,"minecraft:stone_pickaxe":7,"minecraft:deepslate_tile_wall":2,"minecraft:redstone_block":1,"minecraft:cooked_beef":2,"minecraft:sugar":1,"minecraft:magenta_bed":1,"minecraft:crimson_planks":436,"minecraft:diamond_sword":1,"minecraft:enchanting_table":1,"minecraft:crimson_slab":18,"minecraft:iron_sword":2,"minecraft:golden_shovel":1,"minecraft:bucket":3,"minecraft:stone_axe":2,"minecraft:deepslate_tiles":1,"minecraft:air":0,"minecraft:bread":28,"minecraft:crimson_stairs":4,"minecraft:oak_boat":2,"minecraft:white_wool":3,"minecraft:golden_apple":4,"minecraft:fermented_spider_eye":1,"minecraft:iron_shovel":6,"minecraft:iron_leggings":3,"minecraft:crimson_door":6,"minecraft:stonecutter":1,"minecraft:anvil":1,"minecraft:white_bed":2,"minecraft:pumpkin_pie":112,"minecraft:torch":20},"minecraft:picked_up":{"minecraft:iron_chestplate":6,"minecraft:wheat":11,"minecraft:redstone_block":4,"minecraft:anvil":3,"minecraft:diamond_sword":3,"minecraft:crimson_planks":349,"minecraft:golden_sword":2,"minecraft:amethyst_block":67,"minecraft:string":58,"minecraft:raw_copper":31,"minecraft:iron_leggings":4,"minecraft:sticky_piston":4,"minecraft:shroomlight":33,"minecraft:oak_sign":2,"minecraft:deepslate_tiles":83,"minecraft:gold_nugget":230,"minecraft:cobbled_deepslate":715,"minecraft:bucket":18,"minecraft:redstone_torch":28,"minecraft:calcite":6,"minecraft:iron_pickaxe":6,"minecraft:deepslate_tile_wall":7,"minecraft:iron_boots":4,"minecraft:golden_helmet":1,"minecraft:stick":275,"minecraft:composter":2,"minecraft:torch":351,"minecraft:porkchop":12,"minecraft:pointed_dripstone":14,"minecraft:diorite":4,"minecraft:golden_chestplate":2,"minecraft:stone_sword":7,"minecraft:rotten_flesh":155,"minecraft:blaze_rod":3,"minecraft:deepslate_brick_stairs":1,"minecraft:obsidian":4,"minecraft:cobblestone":1062,"minecraft:crimson_hyphae":6,"minecraft:birch_log":84,"minecraft:cooked_beef":352,"minecraft:feather":40,"minecraft:lilac":18,"minecraft:water_bucket":3,"minecraft:andesite":89,"minecraft:magenta_dye":1,"minecraft:flint":10,"minecraft:tuff":678,"minecraft:magenta_bed":1,"minecraft:lapis_lazuli":232,"minecraft:dirt":995,"minecraft:lantern":2,"minecraft:bone":80,"minecraft:bow":10,"minecraft:stonecutter":1,"minecraft:wheat_seeds":344,"minecraft:raw_gold":80,"minecraft:fletching_table":3,"minecraft:rabbit":1,"minecraft:stone_hoe":4,"minecraft:oak_planks":124,"minecraft:ghast_tear":1,"minecraft:cooked_porkchop":12,"minecraft:stripped_crimson_stem":7,"minecraft:sand":128,"minecraft:crimson_door":3,"minecraft:barrel":1,"minecraft:diamond":8,"minecraft:crossbow":2,"minecraft:granite":28,"minecraft:golden_apple":2,"minecraft:chainmail_helmet":1,"minecraft:oak_sapling":133,"minecraft:netherrack":419,"minecraft:crimson_roots":5,"minecraft:diamond_pickaxe":2,"minecraft:crafting_table":28,"minecraft:azure_bluet":1,"minecraft:splash_potion":3,"minecraft:chicken":4,"minecraft:nether_wart":31,"minecraft:clay_ball":56,"minecraft:brown_mushroom":20,"minecraft:gold_block":1,"minecraft:shield":8,"minecraft:iron_axe":3,"minecraft:flint_and_steel":2,"minecraft:iron_shovel":3,"minecraft:blackstone":39,"minecraft:beef":25,"minecraft:oak_boat":2,"minecraft:player_head":2,"minecraft:spruce_slab":2,"minecraft:sugar_cane":246,"minecraft:chest":14,"minecraft:piston":1,"minecraft:phantom_membrane":1,"minecraft:stripped_crimson_hyphae":2,"minecraft:raw_iron":399,"minecraft:stone_button":7,"minecraft:carrot":534,"minecraft:redstone":168,"minecraft:netherite_pickaxe":1,"minecraft:arrow":93,"minecraft:stone_shovel":2,"minecraft:pumpkin_pie":18,"minecraft:peony":33,"minecraft:nether_bricks":22,"minecraft:deepslate_bricks":48,"minecraft:rail":3,"minecraft:oxeye_daisy":1,"minecraft:glow_ink_sac":2,"minecraft:crimson_stem":455,"minecraft:leather":119,"minecraft:crimson_fungus":2,"minecraft:oak_log":1195,"minecraft:golden_boots":4,"minecraft:gunpowder":13,"minecraft:cobblestone_stairs":2,"minecraft:white_banner":2,"minecraft:apple":11,"minecraft:iron_ingot":66,"minecraft:stone_pickaxe":7,"minecraft:iron_sword":5,"minecraft:soul_sand":21,"minecraft:book":12,"minecraft:oak_slab":1,"minecraft:pink_bed":1,"minecraft:warped_fungus":1,"minecraft:sweet_berries":67,"minecraft:quartz":732,"minecraft:spyglass":3,"minecraft:gravel":85,"minecraft:amethyst_shard":22,"minecraft:spruce_sapling":1,"minecraft:blast_furnace":23,"minecraft:white_bed":1,"minecraft:spruce_log":5,"minecraft:spider_eye":23,"minecraft:slime_ball":8,"minecraft:stone_axe":6,"minecraft:iron_helmet":7,"minecraft:baked_potato":1,"minecraft:coal":725,"minecraft:ender_pearl":1}},"DataVersion":3463}