{"stats":{"minecraft:killed_by":{"minecraft:drowned":1},"minecraft:mined":{"minecraft:cobblestone_stairs":12,"minecraft:jungle_leaves":6,"minecraft:budding_amethyst":2,"minecraft:acacia_log":16,"minecraft:grass_block":21,"minecraft:yellow_candle":1,"minecraft:jungle_log":41,"minecraft:coal_block":2,"minecraft:mangrove_trapdoor":10,"minecraft:composter":1,"minecraft:spawner":1,"minecraft:hay_block":7,"minecraft:tall_seagrass":1,"minecraft:iron_ore":2,"minecraft:barrel":7,"minecraft:andesite":31,"minecraft:pumpkin":7,"minecraft:peony":10,"minecraft:bookshelf":43,"minecraft:vine":9,"minecraft:lantern":2,"minecraft:stripped_jungle_log":1,"minecraft:potted_cornflower":1,"minecraft:bamboo":4,"minecraft:stone":809,"minecraft:player_head":9,"minecraft:acacia_leaves":5,"minecraft:mangrove_stairs":3,"minecraft:jungle_door":6,"minecraft:smoker":1,"minecraft:soul_lantern":2,"minecraft:crafting_table":3,"minecraft:torch":3,"minecraft:blast_furnace":2,"minecraft:calcite":9,"minecraft:chest":2,"minecraft:dead_bush":64,"minecraft:lectern":1,"minecraft:spruce_wall_sign":3,"minecraft:copper_ore":2,"minecraft:cobblestone":45,"minecraft:lapis_ore":4,"minecraft:sugar_cane":19,"minecraft:diorite":27,"minecraft:wall_torch":5,"minecraft:amethyst_block":12,"minecraft:lapis_block":1,"minecraft:wheat":55,"minecraft:lilac":9,"minecraft:spruce_log":3,"minecraft:brown_wall_banner":1,"minecraft:jukebox":1,"minecraft:grass":10,"minecraft:mangrove_slab":1,"minecraft:coal_ore":142,"minecraft:dirt":16,"minecraft:smooth_basalt":6,"minecraft:fern":1,"minecraft:oak_leaves":20,"minecraft:gray_candle":1},"minecraft:dropped":{"minecraft:wheat_seeds":88,"minecraft:ink_sac":1},"minecraft:killed":{"minecraft:chicken":3,"minecraft:salmon":6,"minecraft:squid":1,"minecraft:sheep":4,"minecraft:zombie":1,"minecraft:cow":12},"minecraft:custom":{"minecraft:mob_kills":27,"minecraft:interact_with_crafting_table":26,"minecraft:open_barrel":4,"minecraft:time_since_death":163114,"minecraft:climb_one_cm":3200,"minecraft:sprint_one_cm":284488,"minecraft:walk_one_cm":329974,"minecraft:drop":3,"minecraft:play_time":167688,"minecraft:deaths":1,"minecraft:sneak_time":858,"minecraft:walk_under_water_one_cm":46329,"minecraft:jump":1784,"minecraft:interact_with_blast_furnace":2,"minecraft:walk_on_water_one_cm":44128,"minecraft:total_world_time":167688,"minecraft:interact_with_furnace":3,"minecraft:interact_with_stonecutter":2,"minecraft:sleep_in_bed":3,"minecraft:time_since_rest":80049,"minecraft:damage_taken":890,"minecraft:damage_dealt":2176,"minecraft:swim_one_cm":114698,"minecraft:fly_one_cm":284008,"minecraft:open_chest":54,"minecraft:crouch_one_cm":1366,"minecraft:interact_with_smoker":12,"minecraft:fall_one_cm":39983},"minecraft:picked_up":{"minecraft:cocoa_beans":4,"minecraft:crafting_table":3,"minecraft:wheat":37,"minecraft:chicken":3,"minecraft:flower_pot":1,"minecraft:yellow_candle":3,"minecraft:amethyst_block":12,"minecraft:lapis_block":1,"minecraft:cornflower":1,"minecraft:raw_copper":6,"minecraft:oak_sign":2,"minecraft:sea_pickle":1,"minecraft:beef":23,"minecraft:calcite":9,"minecraft:player_head":9,"minecraft:jungle_sapling":2,"minecraft:lectern":1,"minecraft:sugar_cane":37,"minecraft:coal_block":2,"minecraft:chest":2,"minecraft:stick":153,"minecraft:raw_iron":2,"minecraft:jungle_door":7,"minecraft:jukebox":1,"minecraft:composter":1,"minecraft:torch":8,"minecraft:acacia_log":18,"minecraft:diorite":27,"minecraft:mangrove_trapdoor":10,"minecraft:rotten_flesh":1,"minecraft:mangrove_stairs":3,"minecraft:peony":10,"minecraft:hay_block":7,"minecraft:mutton":5,"minecraft:white_wool":1,"minecraft:cobblestone":837,"minecraft:feather":2,"minecraft:lilac":9,"minecraft:jungle_log":41,"minecraft:salmon":6,"minecraft:andesite":31,"minecraft:leather":8,"minecraft:smoker":1,"minecraft:potato":15,"minecraft:cobblestone_stairs":12,"minecraft:lapis_lazuli":22,"minecraft:lantern":5,"minecraft:dirt":37,"minecraft:apple":5,"minecraft:wheat_seeds":152,"minecraft:iron_ingot":21,"minecraft:bamboo":32,"minecraft:gray_candle":3,"minecraft:book":129,"minecraft:smooth_basalt":6,"minecraft:pumpkin":7,"minecraft:ink_sac":2,"minecraft:blast_furnace":2,"minecraft:spruce_log":3,"minecraft:barrel":7,"minecraft:stripped_jungle_log":1,"minecraft:soul_lantern":5,"minecraft:writable_book":1,"minecraft:painting":1,"minecraft:bone_meal":1,"minecraft:gray_wool":1,"minecraft:spruce_sign":5,"minecraft:bread":7,"minecraft:oak_sapling":2,"minecraft:black_wool":2,"minecraft:brown_banner":3,"minecraft:coal":142},"minecraft:crafted":{"minecraft:black_dye":1,"minecraft:stone_shovel":1,"minecraft:cooked_chicken":3,"minecraft:furnace":2,"minecraft:stone":3,"minecraft:cooked_mutton":5,"minecraft:stone_pickaxe":9,"minecraft:chest":2,"minecraft:black_wool":1,"minecraft:stone_hoe":1,"minecraft:smoker":1,"minecraft:wheat":9,"minecraft:cooked_beef":23,"minecraft:crafting_table":6,"minecraft:spruce_planks":12,"minecraft:wooden_pickaxe":1,"minecraft:cooked_salmon":6,"minecraft:bucket":1,"minecraft:stone_axe":2,"minecraft:air":0,"minecraft:jungle_planks":8,"minecraft:jungle_door":3,"minecraft:stone_sword":1,"minecraft:black_bed":1,"minecraft:stonecutter":1,"minecraft:acacia_planks":36,"minecraft:torch":20,"minecraft:lapis_block":2},"minecraft:used":{"minecraft:writable_book":1,"minecraft:stone_sword":35,"minecraft:stone_shovel":17,"minecraft:chest":4,"minecraft:cooked_chicken":2,"minecraft:cooked_salmon":6,"minecraft:player_head":4,"minecraft:stone_hoe":12,"minecraft:rotten_flesh":1,"minecraft:torch":21,"minecraft:dirt":37,"minecraft:lantern":4,"minecraft:barrel":4,"minecraft:furnace":1,"minecraft:cooked_beef":2,"minecraft:cooked_mutton":5,"minecraft:water_bucket":11,"minecraft:diorite":5,"minecraft:cobblestone_stairs":99,"minecraft:stone_pickaxe":1062,"minecraft:wooden_pickaxe":59,"minecraft:composter":1,"minecraft:spruce_sign":5,"minecraft:stonecutter":1,"minecraft:mangrove_trapdoor":5,"minecraft:crafting_table":9,"minecraft:brown_banner":3,"minecraft:blast_furnace":2,"minecraft:black_bed":1,"minecraft:painting":1,"minecraft:smoker":2,"minecraft:apple":3,"minecraft:bread":7,"minecraft:lectern":1,"minecraft:stone_axe":187,"minecraft:cobblestone":156,"minecraft:jungle_door":9,"minecraft:bucket":12,"minecraft:andesite":6,"minecraft:jukebox":1},"minecraft:broken":{"minecraft:wooden_pickaxe":1,"minecraft:stone_pickaxe":8,"minecraft:stone_axe":1}},"DataVersion":3463}