{"stats":{"minecraft:killed_by":{"minecraft:drowned":1},"minecraft:mined":{"minecraft:acacia_leaves":5,"minecraft:barrel":2,"minecraft:pumpkin":7,"minecraft:crafting_table":1,"minecraft:grass":4,"minecraft:acacia_log":12,"minecraft:chest":1,"minecraft:dead_bush":64,"minecraft:dirt":1,"minecraft:stone":59,"minecraft:sugar_cane":7},"minecraft:picked_up":{"minecraft:stick":145,"minecraft:crafting_table":1,"minecraft:pumpkin":7,"minecraft:acacia_log":14,"minecraft:potato":9,"minecraft:barrel":2,"minecraft:dirt":1,"minecraft:lantern":1,"minecraft:apple":5,"minecraft:sea_pickle":1,"minecraft:bread":5,"minecraft:sugar_cane":19,"minecraft:chest":1,"minecraft:cobblestone":59},"minecraft:custom":{"minecraft:time_since_rest":7149,"minecraft:sprint_one_cm":41767,"minecraft:damage_taken":420,"minecraft:walk_one_cm":21970,"minecraft:damage_dealt":55,"minecraft:interact_with_crafting_table":2,"minecraft:swim_one_cm":12323,"minecraft:fly_one_cm":33874,"minecraft:open_chest":3,"minecraft:play_time":11688,"minecraft:deaths":1,"minecraft:walk_under_water_one_cm":754,"minecraft:jump":146,"minecraft:walk_on_water_one_cm":2223,"minecraft:time_since_death":7114,"minecraft:total_world_time":11688,"minecraft:fall_one_cm":3251},"minecraft:crafted":{"minecraft:crafting_table":2,"minecraft:wooden_pickaxe":1,"minecraft:stone_pickaxe":1,"minecraft:stone_sword":1,"minecraft:acacia_planks":12,"minecraft:stone_axe":1},"minecraft:used":{"minecraft:apple":3,"minecraft:bread":2,"minecraft:wooden_pickaxe":59,"minecraft:stone_axe":16,"minecraft:crafting_table":2},"minecraft:broken":{"minecraft:wooden_pickaxe":1}},"DataVersion":3463}