{"stats":{"minecraft:custom":{"minecraft:interact_with_anvil":2,"minecraft:mob_kills":109,"minecraft:interact_with_crafting_table":58,"minecraft:open_barrel":1,"minecraft:leave_game":4,"minecraft:time_since_death":263194,"minecraft:climb_one_cm":1228,"minecraft:sprint_one_cm":1236378,"minecraft:walk_one_cm":1032651,"minecraft:damage_blocked_by_shield":4395,"minecraft:drop":58,"minecraft:play_time":370790,"minecraft:deaths":3,"minecraft:sneak_time":6595,"minecraft:walk_under_water_one_cm":40714,"minecraft:jump":6496,"minecraft:interact_with_blast_furnace":62,"minecraft:walk_on_water_one_cm":79094,"minecraft:total_world_time":370790,"minecraft:interact_with_furnace":23,"minecraft:interact_with_stonecutter":17,"minecraft:sleep_in_bed":4,"minecraft:time_since_rest":31742,"minecraft:damage_taken":5338,"minecraft:damage_dealt":16693,"minecraft:swim_one_cm":35232,"minecraft:fly_one_cm":1405291,"minecraft:open_chest":152,"minecraft:crouch_one_cm":18303,"minecraft:interact_with_smoker":11,"minecraft:fall_one_cm":155399},"minecraft:crafted":{"minecraft:oak_planks":40,"minecraft:smooth_stone":3,"minecraft:iron_nugget":18,"minecraft:spyglass":1,"minecraft:pink_bed":1,"minecraft:cooked_chicken":4,"minecraft:furnace":11,"minecraft:blast_furnace":1,"minecraft:stone":6,"minecraft:pink_dye":2,"minecraft:glass_pane":144,"minecraft:flint_and_steel":1,"minecraft:glass":104,"minecraft:lantern":2,"minecraft:iron_boots":1,"minecraft:iron_axe":2,"minecraft:stone_pickaxe":2,"minecraft:chest":8,"minecraft:deepslate_tile_wall":2,"minecraft:magenta_dye":2,"minecraft:stone_hoe":1,"minecraft:smoker":1,"minecraft:cooked_beef":2,"minecraft:magenta_bed":1,"minecraft:crimson_planks":356,"minecraft:crafting_table":3,"minecraft:wooden_pickaxe":1,"minecraft:iron_helmet":1,"minecraft:iron_sword":1,"minecraft:copper_ingot":8,"minecraft:golden_shovel":1,"minecraft:bucket":1,"minecraft:campfire":1,"minecraft:deepslate_tiles":1,"minecraft:stone_axe":2,"minecraft:air":0,"minecraft:oak_boat":2,"minecraft:white_wool":3,"minecraft:iron_chestplate":1,"minecraft:shield":2,"minecraft:stick":24,"minecraft:iron_ingot":218,"minecraft:iron_pickaxe":6,"minecraft:iron_block":3,"minecraft:stone_sword":1,"minecraft:iron_shovel":5,"minecraft:gold_ingot":32,"minecraft:iron_leggings":1,"minecraft:stonecutter":1,"minecraft:crimson_door":6,"minecraft:anvil":1,"minecraft:white_bed":2,"minecraft:torch":16,"minecraft:deepslate_bricks":1,"minecraft:shears":1,"minecraft:crimson_hyphae":6},"minecraft:killed":{"minecraft:cave_spider":1,"minecraft:spider":9,"minecraft:phantom":3,"minecraft:skeleton":16,"minecraft:chicken":4,"minecraft:piglin":3,"minecraft:hoglin":3,"minecraft:creeper":4,"minecraft:zombie":51,"minecraft:glow_squid":1,"minecraft:cow":10,"minecraft:enderman":2},"minecraft:killed_by":{"minecraft:wither_skeleton":1,"minecraft:creeper":1,"minecraft:zombie":1},"minecraft:dropped":{"minecraft:crimson_planks":4,"minecraft:iron_ingot":48,"minecraft:iron_sword":1,"minecraft:wheat_seeds":104,"minecraft:cooked_beef":31,"minecraft:oak_log":32,"minecraft:diamond":1,"minecraft:cobblestone":20,"minecraft:stick":27,"minecraft:dirt":287,"minecraft:diorite":1,"minecraft:iron_pickaxe":3,"minecraft:iron_shovel":2,"minecraft:string":1,"minecraft:stone_axe":1,"minecraft:player_head":2,"minecraft:stone_sword":1,"minecraft:cobbled_deepslate":1,"minecraft:rotten_flesh":22,"minecraft:diamond_sword":1,"minecraft:shield":2,"minecraft:gunpowder":1,"minecraft:andesite":64,"minecraft:bow":1,"minecraft:magenta_dye":1},"minecraft:used":{"minecraft:peony":27,"minecraft:stone_sword":124,"minecraft:iron_shovel":1089,"minecraft:flint_and_steel":2,"minecraft:shield":71,"minecraft:chest":8,"minecraft:iron_sword":175,"minecraft:stone_hoe":32,"minecraft:rotten_flesh":3,"minecraft:cooked_chicken":4,"minecraft:netherrack":17,"minecraft:torch":143,"minecraft:dirt":166,"minecraft:spyglass":10,"minecraft:anvil":2,"minecraft:crimson_hyphae":8,"minecraft:golden_shovel":33,"minecraft:shroomlight":17,"minecraft:glass":30,"minecraft:lava_bucket":27,"minecraft:lantern":4,"minecraft:iron_axe":46,"minecraft:crimson_roots":4,"minecraft:crimson_planks":254,"minecraft:bow":47,"minecraft:sweet_berries":20,"minecraft:furnace":1,"minecraft:oak_sapling":23,"minecraft:cooked_beef":83,"minecraft:cobbled_deepslate":3,"minecraft:crimson_stem":68,"minecraft:water_bucket":183,"minecraft:cobblestone_stairs":4,"minecraft:oak_planks":4,"minecraft:stone_pickaxe":197,"minecraft:baked_potato":1,"minecraft:wooden_pickaxe":59,"minecraft:stonecutter":1,"minecraft:deepslate_bricks":80,"minecraft:crafting_table":7,"minecraft:magenta_bed":2,"minecraft:blast_furnace":8,"minecraft:white_bed":1,"minecraft:campfire":1,"minecraft:smoker":1,"minecraft:deepslate_tile_wall":16,"minecraft:deepslate_tiles":165,"minecraft:apple":2,"minecraft:iron_pickaxe":1274,"minecraft:spruce_sapling":1,"minecraft:pink_bed":2,"minecraft:lilac":13,"minecraft:stone_axe":34,"minecraft:cobblestone":521,"minecraft:crimson_door":7,"minecraft:andesite":5,"minecraft:bucket":211,"minecraft:glass_pane":123,"minecraft:oak_boat":1},"minecraft:broken":{"minecraft:iron_shovel":4,"minecraft:stone_sword":1,"minecraft:golden_shovel":1,"minecraft:wooden_pickaxe":1,"minecraft:stone_pickaxe":1,"minecraft:shield":1,"minecraft:iron_pickaxe":4},"minecraft:mined":{"minecraft:deepslate_tiles":21,"minecraft:large_amethyst_bud":1,"minecraft:diamond_ore":3,"minecraft:pink_bed":1,"minecraft:tuff":1,"minecraft:white_bed":1,"minecraft:oak_sapling":2,"minecraft:deepslate_diamond_ore":1,"minecraft:sculk_vein":3,"minecraft:glow_lichen":1,"minecraft:deepslate_tile_wall":2,"minecraft:grass_block":935,"minecraft:crimson_roots":3,"minecraft:deepslate_bricks":13,"minecraft:crimson_fungus":2,"minecraft:crimson_stem":1,"minecraft:spawner":1,"minecraft:weeping_vines_plant":1,"minecraft:magma_block":2,"minecraft:iron_ore":149,"minecraft:cobbled_deepslate":3,"minecraft:andesite":19,"minecraft:anvil":1,"minecraft:deepslate_lapis_ore":7,"minecraft:peony":28,"minecraft:shroomlight":31,"minecraft:pointed_dripstone":5,"minecraft:dirt_path":1,"minecraft:deepslate_iron_ore":73,"minecraft:crimson_door":1,"minecraft:stone":378,"minecraft:deepslate_redstone_ore":4,"minecraft:glass_pane":1,"minecraft:crimson_nylium":4,"minecraft:medium_amethyst_bud":1,"minecraft:amethyst_cluster":2,"minecraft:dandelion":1,"minecraft:crafting_table":5,"minecraft:torch":11,"minecraft:blast_furnace":3,"minecraft:chest":13,"minecraft:tall_grass":2,"minecraft:cobblestone":67,"minecraft:copper_ore":7,"minecraft:lapis_ore":13,"minecraft:deepslate_gold_ore":23,"minecraft:sugar_cane":1,"minecraft:diorite":1,"minecraft:wall_torch":3,"minecraft:magenta_bed":1,"minecraft:lilac":16,"minecraft:warped_fungus":1,"minecraft:grass":79,"minecraft:coal_ore":266,"minecraft:oak_log":6,"minecraft:sand":128,"minecraft:dirt":57,"minecraft:crimson_planks":30,"minecraft:cobweb":4,"minecraft:crimson_hyphae":2,"minecraft:netherrack":49,"minecraft:gold_ore":7,"minecraft:oak_leaves":28,"minecraft:deepslate":397},"minecraft:picked_up":{"minecraft:crafting_table":25,"minecraft:iron_chestplate":1,"minecraft:chicken":4,"minecraft:anvil":1,"minecraft:diamond_sword":1,"minecraft:crimson_planks":34,"minecraft:shield":6,"minecraft:string":53,"minecraft:raw_copper":23,"minecraft:iron_axe":1,"minecraft:iron_leggings":1,"minecraft:iron_shovel":2,"minecraft:shroomlight":29,"minecraft:deepslate_tiles":21,"minecraft:cobbled_deepslate":392,"minecraft:bucket":18,"minecraft:beef":25,"minecraft:player_head":2,"minecraft:iron_pickaxe":3,"minecraft:deepslate_tile_wall":2,"minecraft:sugar_cane":3,"minecraft:chest":13,"minecraft:iron_boots":1,"minecraft:golden_helmet":1,"minecraft:raw_iron":229,"minecraft:stick":178,"minecraft:torch":340,"minecraft:porkchop":2,"minecraft:pointed_dripstone":14,"minecraft:diorite":1,"minecraft:carrot":1,"minecraft:redstone":18,"minecraft:stone_sword":5,"minecraft:arrow":70,"minecraft:rotten_flesh":75,"minecraft:peony":28,"minecraft:deepslate_bricks":13,"minecraft:cobblestone":708,"minecraft:crimson_hyphae":2,"minecraft:lilac":14,"minecraft:feather":40,"minecraft:cooked_beef":346,"minecraft:crimson_stem":344,"minecraft:glow_ink_sac":2,"minecraft:water_bucket":1,"minecraft:andesite":89,"minecraft:leather":119,"minecraft:magenta_dye":1,"minecraft:crimson_fungus":2,"minecraft:oak_log":534,"minecraft:magenta_bed":1,"minecraft:gunpowder":6,"minecraft:lapis_lazuli":121,"minecraft:dirt":741,"minecraft:lantern":2,"minecraft:bone":60,"minecraft:apple":3,"minecraft:bow":5,"minecraft:wheat_seeds":300,"minecraft:raw_gold":30,"minecraft:iron_ingot":64,"minecraft:stone_pickaxe":7,"minecraft:oak_planks":124,"minecraft:iron_sword":2,"minecraft:pink_bed":1,"minecraft:warped_fungus":1,"minecraft:sweet_berries":20,"minecraft:spyglass":1,"minecraft:sand":128,"minecraft:amethyst_shard":8,"minecraft:spruce_sapling":1,"minecraft:blast_furnace":23,"minecraft:white_bed":1,"minecraft:crimson_door":3,"minecraft:spider_eye":21,"minecraft:diamond":5,"minecraft:stone_axe":3,"minecraft:iron_helmet":1,"minecraft:chainmail_helmet":1,"minecraft:baked_potato":1,"minecraft:oak_sapling":20,"minecraft:netherrack":53,"minecraft:coal":543,"minecraft:crimson_roots":4,"minecraft:ender_pearl":1}},"DataVersion":3463}