{"stats":{"minecraft:dropped":{"minecraft:iron_sword":4,"minecraft:cooked_beef":74,"minecraft:oak_log":32,"minecraft:diamond":1,"minecraft:crossbow":1,"minecraft:rail":3,"minecraft:dirt":287,"minecraft:crimson_roots":1,"minecraft:iron_pickaxe":5,"minecraft:bone":6,"minecraft:stone_axe":1,"minecraft:golden_chestplate":3,"minecraft:cobbled_deepslate":1,"minecraft:rotten_flesh":44,"minecraft:gunpowder":1,"minecraft:netherrack":4,"minecraft:water_bucket":1,"minecraft:crimson_planks":4,"minecraft:golden_boots":1,"minecraft:stone_hoe":2,"minecraft:iron_ingot":48,"minecraft:netherite_pickaxe":1,"minecraft:wheat_seeds":119,"minecraft:golden_axe":1,"minecraft:iron_helmet":3,"minecraft:cobblestone":20,"minecraft:granite":24,"minecraft:stick":27,"minecraft:diorite":4,"minecraft:torch":26,"minecraft:iron_leggings":1,"minecraft:iron_shovel":3,"minecraft:string":1,"minecraft:redstone":9,"minecraft:sweet_berries":47,"minecraft:player_head":2,"minecraft:stone_sword":1,"minecraft:raw_iron":30,"minecraft:iron_boots":1,"minecraft:flint_and_steel":1,"minecraft:diamond_sword":1,"minecraft:shield":3,"minecraft:iron_chestplate":1,"minecraft:andesite":64,"minecraft:golden_sword":2,"minecraft:bow":1,"minecraft:magenta_dye":1,"minecraft:calcite":3},"minecraft:mined":{"minecraft:large_amethyst_bud":1,"minecraft:white_bed":1,"minecraft:oak_sapling":2,"minecraft:pink_bed":1,"minecraft:cobblestone_stairs":2,"minecraft:sculk_vein":3,"minecraft:granite":4,"minecraft:budding_amethyst":1,"minecraft:stripped_crimson_hyphae":2,"minecraft:deepslate_tile_wall":7,"minecraft:grass_block":1064,"minecraft:deepslate_bricks":39,"minecraft:composter":2,"minecraft:crimson_fungus":2,"minecraft:nether_wart":20,"minecraft:oxeye_daisy":1,"minecraft:spawner":1,"minecraft:weeping_vines_plant":2,"minecraft:magma_block":2,"minecraft:barrel":1,"minecraft:sticky_piston":2,"minecraft:iron_ore":224,"minecraft:cobbled_deepslate":3,"minecraft:fire":41,"minecraft:fletching_table":3,"minecraft:deepslate_lapis_ore":12,"minecraft:anvil":3,"minecraft:azure_bluet":1,"minecraft:pointed_dripstone":5,"minecraft:dirt_path":3,"minecraft:deepslate_brick_stairs":1,"minecraft:spruce_slab":2,"minecraft:deepslate_redstone_ore":13,"minecraft:brown_mushroom":20,"minecraft:blackstone":38,"minecraft:crimson_nylium":5,"minecraft:medium_amethyst_bud":1,"minecraft:amethyst_cluster":2,"minecraft:clay":14,"minecraft:torch":12,"minecraft:blast_furnace":3,"minecraft:chest":13,"minecraft:nether_quartz_ore":518,"minecraft:cobblestone":97,"minecraft:sugar_cane":158,"minecraft:wall_torch":7,"minecraft:amethyst_block":66,"minecraft:wheat":9,"minecraft:magenta_bed":1,"minecraft:lilac":19,"minecraft:warped_fungus":1,"minecraft:grass":91,"minecraft:oak_log":6,"minecraft:sand":128,"minecraft:dirt":120,"minecraft:crimson_planks":125,"minecraft:stripped_crimson_stem":2,"minecraft:stonecutter":1,"minecraft:netherrack":245,"minecraft:piston":1,"minecraft:oak_leaves":44,"minecraft:deepslate":693,"minecraft:nether_gold_ore":27,"minecraft:deepslate_tiles":35,"minecraft:diamond_ore":6,"minecraft:tuff":679,"minecraft:deepslate_diamond_ore":1,"minecraft:glow_lichen":1,"minecraft:stone_button":1,"minecraft:crimson_roots":4,"minecraft:redstone_wire":1,"minecraft:crimson_stem":4,"minecraft:redstone_ore":2,"minecraft:carrots":68,"minecraft:andesite":19,"minecraft:peony":31,"minecraft:gold_block":1,"minecraft:bookshelf":4,"minecraft:deepslate_iron_ore":131,"minecraft:shroomlight":35,"minecraft:crimson_door":1,"minecraft:stone":623,"minecraft:redstone_wall_torch":5,"minecraft:redstone_block":1,"minecraft:glass_pane":1,"minecraft:soul_sand":21,"minecraft:dandelion":1,"minecraft:crafting_table":6,"minecraft:tall_grass":2,"minecraft:copper_ore":7,"minecraft:deepslate_coal_ore":1,"minecraft:lapis_ore":15,"minecraft:deepslate_gold_ore":54,"minecraft:diorite":1,"minecraft:coal_ore":336,"minecraft:gravel":85,"minecraft:cobweb":4,"minecraft:gold_ore":10,"minecraft:crimson_hyphae":3},"minecraft:custom":{"minecraft:interact_with_crafting_table":146,"minecraft:open_barrel":24,"minecraft:leave_game":9,"minecraft:time_since_death":42430,"minecraft:sprint_one_cm":3023252,"minecraft:damage_blocked_by_shield":6640,"minecraft:drop":123,"minecraft:talked_to_villager":30,"minecraft:play_time":967821,"minecraft:deaths":5,"minecraft:jump":15078,"minecraft:interact_with_brewingstand":14,"minecraft:walk_on_water_one_cm":115307,"minecraft:enchant_item":9,"minecraft:interact_with_furnace":35,"minecraft:traded_with_villager":75,"minecraft:sleep_in_bed":10,"minecraft:damage_dealt":30165,"minecraft:player_kills":3,"minecraft:crouch_one_cm":44096,"minecraft:interact_with_smoker":22,"minecraft:horse_one_cm":66660,"minecraft:mob_kills":200,"minecraft:interact_with_anvil":6,"minecraft:climb_one_cm":1731,"minecraft:walk_one_cm":2519422,"minecraft:sneak_time":15309,"minecraft:walk_under_water_one_cm":59753,"minecraft:interact_with_blast_furnace":111,"minecraft:total_world_time":967821,"minecraft:pot_flower":2,"minecraft:interact_with_grindstone":9,"minecraft:interact_with_stonecutter":46,"minecraft:time_since_rest":16552,"minecraft:damage_taken":10228,"minecraft:swim_one_cm":46320,"minecraft:fly_one_cm":3345664,"minecraft:open_chest":458,"minecraft:fall_one_cm":348985},"minecraft:broken":{"minecraft:golden_helmet":1,"minecraft:iron_shovel":5,"minecraft:iron_boots":1,"minecraft:iron_chestplate":1,"minecraft:golden_shovel":1,"minecraft:iron_leggings":1,"minecraft:stone_pickaxe":6,"minecraft:stone_sword":1,"minecraft:wooden_pickaxe":1,"minecraft:shield":2,"minecraft:iron_axe":1,"minecraft:iron_pickaxe":9,"minecraft:iron_helmet":1,"minecraft:golden_pickaxe":1},"minecraft:used":{"minecraft:peony":30,"minecraft:iron_shovel":1266,"minecraft:spruce_slab":2,"minecraft:chest":22,"minecraft:shield":98,"minecraft:iron_sword":351,"minecraft:nether_wart":20,"minecraft:rotten_flesh":34,"minecraft:iron_chestplate":2,"minecraft:soul_sand":21,"minecraft:carrot":153,"minecraft:deepslate_brick_slab":6,"minecraft:tuff":1,"minecraft:glass":42,"minecraft:lava_bucket":27,"minecraft:lantern":6,"minecraft:iron_helmet":1,"minecraft:crimson_roots":4,"minecraft:bow":71,"minecraft:sweet_berries":20,"minecraft:oak_sapling":96,"minecraft:furnace":1,"minecraft:chiseled_polished_blackstone":2,"minecraft:oak_planks":4,"minecraft:stone_pickaxe":852,"minecraft:wooden_pickaxe":59,"minecraft:composter":3,"minecraft:redstone_block":1,"minecraft:sugar_cane":49,"minecraft:blast_furnace":8,"minecraft:deepslate_brick_stairs":11,"minecraft:redstone_torch":5,"minecraft:deepslate_tiles":390,"minecraft:sticky_piston":2,"minecraft:bread":8,"minecraft:stone_button":1,"minecraft:gravel":85,"minecraft:lilac":13,"minecraft:diamond_sword":81,"minecraft:grindstone":1,"minecraft:cooked_rabbit":1,"minecraft:crimson_door":7,"minecraft:andesite":5,"minecraft:air":1,"minecraft:oak_boat":2,"minecraft:bone_meal":99,"minecraft:golden_pickaxe":32,"minecraft:enchanting_table":1,"minecraft:stone_sword":124,"minecraft:flint_and_steel":2,"minecraft:redstone":1,"minecraft:stone_shovel":114,"minecraft:cooked_chicken":4,"minecraft:stone_hoe":117,"minecraft:netherrack":94,"minecraft:brewing_stand":1,"minecraft:torch":185,"minecraft:spyglass":10,"minecraft:dirt":574,"minecraft:anvil":4,"minecraft:crimson_hyphae":14,"minecraft:golden_shovel":33,"minecraft:granite":4,"minecraft:shroomlight":32,"minecraft:bookshelf":18,"minecraft:iron_axe":247,"minecraft:crimson_slab":2,"minecraft:polished_blackstone_brick_stairs":12,"minecraft:iron_boots":2,"minecraft:crimson_planks":362,"minecraft:barrel":7,"minecraft:cooked_beef":173,"minecraft:cobbled_deepslate":3,"minecraft:crimson_stem":222,"minecraft:calcite":3,"minecraft:wheat_seeds":17,"minecraft:water_bucket":283,"minecraft:amethyst_block":51,"minecraft:cobblestone_stairs":6,"minecraft:glass_bottle":7,"minecraft:baked_potato":1,"minecraft:fletching_table":4,"minecraft:stonecutter":2,"minecraft:deepslate_bricks":232,"minecraft:crafting_table":11,"minecraft:magenta_bed":2,"minecraft:white_bed":1,"minecraft:campfire":1,"minecraft:smoker":4,"minecraft:deepslate_tile_wall":57,"minecraft:piston":1,"minecraft:flower_pot":2,"minecraft:diamond_pickaxe":638,"minecraft:apple":2,"minecraft:iron_pickaxe":2372,"minecraft:spruce_sapling":1,"minecraft:stone_axe":34,"minecraft:pink_bed":2,"minecraft:cobblestone":690,"minecraft:potion":1,"minecraft:crimson_stairs":4,"minecraft:white_banner":1,"minecraft:cooked_porkchop":3,"minecraft:bucket":313,"minecraft:glass_pane":141,"minecraft:splash_potion":3},"minecraft:killed":{"minecraft:cave_spider":1,"minecraft:spider":16,"minecraft:skeleton":27,"minecraft:chicken":4,"minecraft:piglin":3,"minecraft:pig":2,"minecraft:creeper":8,"minecraft:pillager":2,"minecraft:zombie":88,"minecraft:ghast":1,"minecraft:glow_squid":1,"minecraft:blaze":4,"minecraft:cow":10,"minecraft:slime":15,"minecraft:phantom":6,"minecraft:rabbit":1,"minecraft:hoglin":5,"minecraft:enderman":2},"minecraft:killed_by":{"minecraft:wither_skeleton":1,"minecraft:creeper":2,"minecraft:zombie":1},"minecraft:crafted":{"minecraft:brick":56,"minecraft:grindstone":1,"minecraft:smooth_stone":3,"minecraft:oak_planks":1236,"minecraft:barrel":6,"minecraft:pink_bed":1,"minecraft:blaze_powder":2,"minecraft:cooked_chicken":4,"minecraft:birch_slab":12,"minecraft:stone":14,"minecraft:bookshelf":18,"minecraft:glass":120,"minecraft:quartz_block":115,"minecraft:repeater":2,"minecraft:bow":2,"minecraft:iron_boots":2,"minecraft:chest":10,"minecraft:stone_hoe":1,"minecraft:magenta_dye":2,"minecraft:cooked_rabbit":1,"minecraft:flower_pot":2,"minecraft:smoker":4,"minecraft:glass_bottle":6,"minecraft:oak_slab":18,"minecraft:arrow":16,"minecraft:emerald":70,"minecraft:cooked_porkchop":12,"minecraft:crafting_table":5,"minecraft:spruce_planks":20,"minecraft:wooden_pickaxe":1,"minecraft:iron_helmet":2,"minecraft:copper_ingot":8,"minecraft:sticky_piston":2,"minecraft:fletching_table":1,"minecraft:birch_planks":20,"minecraft:brewing_stand":1,"minecraft:campfire":1,"minecraft:iron_chestplate":2,"minecraft:book":29,"minecraft:paper":102,"minecraft:diamond_pickaxe":1,"minecraft:shield":5,"minecraft:stick":2128,"minecraft:stone_slab":2,"minecraft:iron_ingot":385,"minecraft:iron_pickaxe":11,"minecraft:iron_block":3,"minecraft:stone_sword":1,"minecraft:gold_ingot":108,"minecraft:redstone_torch":4,"minecraft:composter":1,"minecraft:deepslate_bricks":1,"minecraft:shears":1,"minecraft:crimson_hyphae":12,"minecraft:stone_shovel":1,"minecraft:iron_nugget":36,"minecraft:spyglass":1,"minecraft:stone_button":1,"minecraft:furnace":11,"minecraft:piston":2,"minecraft:blast_furnace":1,"minecraft:bone_meal":99,"minecraft:pink_dye":2,"minecraft:glass_pane":144,"minecraft:flint_and_steel":1,"minecraft:lantern":4,"minecraft:iron_axe":6,"minecraft:stone_pickaxe":7,"minecraft:deepslate_tile_wall":2,"minecraft:redstone_block":1,"minecraft:cooked_beef":2,"minecraft:sugar":1,"minecraft:magenta_bed":1,"minecraft:crimson_planks":420,"minecraft:diamond_sword":1,"minecraft:enchanting_table":1,"minecraft:crimson_slab":18,"minecraft:iron_sword":1,"minecraft:golden_shovel":1,"minecraft:bucket":3,"minecraft:deepslate_tiles":1,"minecraft:stone_axe":2,"minecraft:bread":28,"minecraft:air":0,"minecraft:crimson_stairs":4,"minecraft:oak_boat":2,"minecraft:white_wool":3,"minecraft:golden_apple":4,"minecraft:fermented_spider_eye":1,"minecraft:iron_shovel":5,"minecraft:iron_leggings":2,"minecraft:anvil":1,"minecraft:stonecutter":1,"minecraft:crimson_door":6,"minecraft:white_bed":2,"minecraft:torch":20},"minecraft:picked_up":{"minecraft:wheat":11,"minecraft:iron_chestplate":4,"minecraft:redstone_block":1,"minecraft:anvil":3,"minecraft:diamond_sword":3,"minecraft:crimson_planks":221,"minecraft:golden_sword":2,"minecraft:amethyst_block":67,"minecraft:string":58,"minecraft:raw_copper":31,"minecraft:iron_leggings":3,"minecraft:sticky_piston":2,"minecraft:shroomlight":33,"minecraft:oak_sign":2,"minecraft:deepslate_tiles":83,"minecraft:gold_nugget":113,"minecraft:cobbled_deepslate":690,"minecraft:bucket":18,"minecraft:redstone_torch":5,"minecraft:calcite":6,"minecraft:iron_pickaxe":5,"minecraft:deepslate_tile_wall":7,"minecraft:iron_boots":4,"minecraft:golden_helmet":1,"minecraft:stick":249,"minecraft:composter":2,"minecraft:torch":351,"minecraft:porkchop":12,"minecraft:pointed_dripstone":14,"minecraft:diorite":4,"minecraft:golden_chestplate":2,"minecraft:stone_sword":5,"minecraft:rotten_flesh":155,"minecraft:blaze_rod":2,"minecraft:deepslate_brick_stairs":1,"minecraft:obsidian":4,"minecraft:cobblestone":1035,"minecraft:crimson_hyphae":6,"minecraft:birch_log":5,"minecraft:cooked_beef":352,"minecraft:feather":40,"minecraft:lilac":18,"minecraft:water_bucket":3,"minecraft:andesite":89,"minecraft:magenta_dye":1,"minecraft:flint":10,"minecraft:tuff":678,"minecraft:magenta_bed":1,"minecraft:lapis_lazuli":232,"minecraft:dirt":965,"minecraft:lantern":2,"minecraft:bone":73,"minecraft:stonecutter":1,"minecraft:bow":9,"minecraft:wheat_seeds":344,"minecraft:raw_gold":80,"minecraft:fletching_table":3,"minecraft:rabbit":1,"minecraft:stone_hoe":4,"minecraft:oak_planks":124,"minecraft:ghast_tear":1,"minecraft:cooked_porkchop":12,"minecraft:stripped_crimson_stem":7,"minecraft:sand":128,"minecraft:crimson_door":3,"minecraft:barrel":1,"minecraft:diamond":8,"minecraft:crossbow":1,"minecraft:granite":28,"minecraft:golden_apple":2,"minecraft:chainmail_helmet":1,"minecraft:oak_sapling":103,"minecraft:netherrack":260,"minecraft:crimson_roots":5,"minecraft:diamond_pickaxe":2,"minecraft:crafting_table":26,"minecraft:splash_potion":2,"minecraft:azure_bluet":1,"minecraft:nether_wart":31,"minecraft:chicken":4,"minecraft:clay_ball":56,"minecraft:brown_mushroom":20,"minecraft:gold_block":1,"minecraft:shield":8,"minecraft:iron_axe":2,"minecraft:flint_and_steel":2,"minecraft:iron_shovel":3,"minecraft:blackstone":39,"minecraft:beef":25,"minecraft:oak_boat":2,"minecraft:player_head":2,"minecraft:spruce_slab":2,"minecraft:sugar_cane":246,"minecraft:chest":14,"minecraft:phantom_membrane":1,"minecraft:piston":1,"minecraft:stripped_crimson_hyphae":2,"minecraft:raw_iron":399,"minecraft:stone_button":1,"minecraft:carrot":236,"minecraft:redstone":78,"minecraft:netherite_pickaxe":1,"minecraft:arrow":90,"minecraft:stone_shovel":2,"minecraft:peony":33,"minecraft:deepslate_bricks":39,"minecraft:rail":3,"minecraft:oxeye_daisy":1,"minecraft:glow_ink_sac":2,"minecraft:crimson_stem":455,"minecraft:leather":119,"minecraft:crimson_fungus":2,"minecraft:oak_log":986,"minecraft:golden_boots":1,"minecraft:gunpowder":13,"minecraft:cobblestone_stairs":2,"minecraft:white_banner":1,"minecraft:apple":9,"minecraft:stone_pickaxe":7,"minecraft:iron_ingot":66,"minecraft:iron_sword":4,"minecraft:soul_sand":21,"minecraft:book":12,"minecraft:pink_bed":1,"minecraft:warped_fungus":1,"minecraft:sweet_berries":67,"minecraft:quartz":517,"minecraft:spyglass":3,"minecraft:gravel":85,"minecraft:amethyst_shard":22,"minecraft:spruce_sapling":1,"minecraft:blast_furnace":23,"minecraft:white_bed":1,"minecraft:spruce_log":5,"minecraft:spider_eye":23,"minecraft:slime_ball":8,"minecraft:stone_axe":3,"minecraft:iron_helmet":6,"minecraft:baked_potato":1,"minecraft:coal":657,"minecraft:ender_pearl":1}},"DataVersion":3463}