{"stats":{"minecraft:dropped":{"minecraft:iron_sword":3,"minecraft:cooked_beef":52,"minecraft:oak_log":32,"minecraft:diamond":1,"minecraft:rail":3,"minecraft:dirt":287,"minecraft:crimson_roots":1,"minecraft:iron_pickaxe":5,"minecraft:bone":6,"minecraft:stone_axe":1,"minecraft:golden_chestplate":1,"minecraft:cobbled_deepslate":1,"minecraft:rotten_flesh":43,"minecraft:gunpowder":1,"minecraft:netherrack":4,"minecraft:crimson_planks":4,"minecraft:golden_boots":1,"minecraft:stone_hoe":2,"minecraft:iron_ingot":48,"minecraft:netherite_pickaxe":1,"minecraft:wheat_seeds":119,"minecraft:iron_helmet":3,"minecraft:cobblestone":20,"minecraft:granite":24,"minecraft:stick":27,"minecraft:diorite":4,"minecraft:iron_leggings":1,"minecraft:iron_shovel":3,"minecraft:string":1,"minecraft:redstone":9,"minecraft:sweet_berries":47,"minecraft:player_head":2,"minecraft:stone_sword":1,"minecraft:raw_iron":30,"minecraft:iron_boots":1,"minecraft:diamond_sword":1,"minecraft:shield":2,"minecraft:iron_chestplate":1,"minecraft:andesite":64,"minecraft:bow":1,"minecraft:magenta_dye":1,"minecraft:calcite":3},"minecraft:mined":{"minecraft:large_amethyst_bud":1,"minecraft:white_bed":1,"minecraft:oak_sapling":2,"minecraft:pink_bed":1,"minecraft:cobblestone_stairs":2,"minecraft:sculk_vein":3,"minecraft:budding_amethyst":1,"minecraft:deepslate_tile_wall":7,"minecraft:grass_block":1063,"minecraft:deepslate_bricks":39,"minecraft:crimson_fungus":2,"minecraft:oxeye_daisy":1,"minecraft:spawner":1,"minecraft:weeping_vines_plant":2,"minecraft:magma_block":2,"minecraft:sticky_piston":2,"minecraft:iron_ore":205,"minecraft:cobbled_deepslate":3,"minecraft:fire":19,"minecraft:deepslate_lapis_ore":12,"minecraft:anvil":3,"minecraft:azure_bluet":1,"minecraft:pointed_dripstone":5,"minecraft:dirt_path":3,"minecraft:deepslate_brick_stairs":1,"minecraft:deepslate_redstone_ore":13,"minecraft:blackstone":38,"minecraft:crimson_nylium":4,"minecraft:medium_amethyst_bud":1,"minecraft:amethyst_cluster":2,"minecraft:clay":14,"minecraft:torch":11,"minecraft:blast_furnace":3,"minecraft:chest":13,"minecraft:nether_quartz_ore":168,"minecraft:cobblestone":81,"minecraft:sugar_cane":111,"minecraft:wall_torch":3,"minecraft:amethyst_block":66,"minecraft:magenta_bed":1,"minecraft:lilac":19,"minecraft:warped_fungus":1,"minecraft:grass":90,"minecraft:oak_log":6,"minecraft:sand":128,"minecraft:dirt":106,"minecraft:crimson_planks":125,"minecraft:stonecutter":1,"minecraft:netherrack":82,"minecraft:piston":1,"minecraft:oak_leaves":28,"minecraft:deepslate":693,"minecraft:nether_gold_ore":27,"minecraft:deepslate_tiles":29,"minecraft:diamond_ore":6,"minecraft:tuff":1,"minecraft:deepslate_diamond_ore":1,"minecraft:glow_lichen":1,"minecraft:stone_button":1,"minecraft:crimson_roots":4,"minecraft:redstone_wire":1,"minecraft:crimson_stem":2,"minecraft:redstone_ore":2,"minecraft:andesite":19,"minecraft:peony":31,"minecraft:gold_block":1,"minecraft:bookshelf":4,"minecraft:deepslate_iron_ore":131,"minecraft:shroomlight":35,"minecraft:crimson_door":1,"minecraft:stone":588,"minecraft:redstone_wall_torch":5,"minecraft:redstone_block":1,"minecraft:glass_pane":1,"minecraft:dandelion":1,"minecraft:crafting_table":5,"minecraft:tall_grass":2,"minecraft:copper_ore":7,"minecraft:deepslate_coal_ore":1,"minecraft:lapis_ore":15,"minecraft:deepslate_gold_ore":54,"minecraft:diorite":1,"minecraft:coal_ore":288,"minecraft:cobweb":4,"minecraft:gold_ore":10,"minecraft:crimson_hyphae":3},"minecraft:custom":{"minecraft:interact_with_crafting_table":111,"minecraft:open_barrel":1,"minecraft:leave_game":7,"minecraft:time_since_death":588876,"minecraft:sprint_one_cm":2148106,"minecraft:damage_blocked_by_shield":5740,"minecraft:drop":110,"minecraft:play_time":696472,"minecraft:deaths":3,"minecraft:jump":10548,"minecraft:walk_on_water_one_cm":101660,"minecraft:enchant_item":4,"minecraft:interact_with_furnace":35,"minecraft:sleep_in_bed":7,"minecraft:damage_dealt":23936,"minecraft:player_kills":1,"minecraft:crouch_one_cm":36440,"minecraft:interact_with_smoker":14,"minecraft:mob_kills":159,"minecraft:interact_with_anvil":6,"minecraft:climb_one_cm":1731,"minecraft:walk_one_cm":1911116,"minecraft:sneak_time":12108,"minecraft:walk_under_water_one_cm":54117,"minecraft:interact_with_blast_furnace":94,"minecraft:total_world_time":696472,"minecraft:pot_flower":2,"minecraft:interact_with_grindstone":4,"minecraft:interact_with_stonecutter":39,"minecraft:time_since_rest":22350,"minecraft:damage_taken":7223,"minecraft:swim_one_cm":42994,"minecraft:fly_one_cm":2245270,"minecraft:open_chest":311,"minecraft:fall_one_cm":235498},"minecraft:broken":{"minecraft:iron_shovel":5,"minecraft:golden_shovel":1,"minecraft:stone_pickaxe":1,"minecraft:stone_sword":1,"minecraft:wooden_pickaxe":1,"minecraft:shield":2,"minecraft:iron_axe":1,"minecraft:iron_pickaxe":8,"minecraft:golden_pickaxe":1},"minecraft:used":{"minecraft:peony":30,"minecraft:iron_shovel":1266,"minecraft:chest":20,"minecraft:shield":88,"minecraft:iron_sword":294,"minecraft:rotten_flesh":3,"minecraft:carrot":1,"minecraft:deepslate_brick_slab":6,"minecraft:glass":42,"minecraft:lava_bucket":27,"minecraft:lantern":6,"minecraft:crimson_roots":4,"minecraft:bow":54,"minecraft:sweet_berries":20,"minecraft:oak_sapling":23,"minecraft:furnace":1,"minecraft:chiseled_polished_blackstone":2,"minecraft:oak_planks":4,"minecraft:stone_pickaxe":197,"minecraft:wooden_pickaxe":59,"minecraft:redstone_block":1,"minecraft:sugar_cane":49,"minecraft:blast_furnace":8,"minecraft:deepslate_brick_stairs":11,"minecraft:redstone_torch":5,"minecraft:deepslate_tiles":250,"minecraft:sticky_piston":2,"minecraft:stone_button":1,"minecraft:lilac":13,"minecraft:grindstone":1,"minecraft:crimson_door":7,"minecraft:andesite":5,"minecraft:oak_boat":2,"minecraft:bone_meal":3,"minecraft:golden_pickaxe":32,"minecraft:enchanting_table":1,"minecraft:stone_sword":124,"minecraft:flint_and_steel":2,"minecraft:redstone":1,"minecraft:stone_shovel":9,"minecraft:cooked_chicken":4,"minecraft:stone_hoe":116,"minecraft:netherrack":49,"minecraft:torch":168,"minecraft:spyglass":10,"minecraft:dirt":488,"minecraft:anvil":4,"minecraft:crimson_hyphae":10,"minecraft:golden_shovel":33,"minecraft:shroomlight":32,"minecraft:bookshelf":18,"minecraft:iron_axe":150,"minecraft:crimson_slab":2,"minecraft:crimson_planks":362,"minecraft:barrel":4,"minecraft:cooked_beef":131,"minecraft:cobbled_deepslate":3,"minecraft:crimson_stem":114,"minecraft:calcite":3,"minecraft:water_bucket":243,"minecraft:amethyst_block":51,"minecraft:cobblestone_stairs":6,"minecraft:baked_potato":1,"minecraft:stonecutter":2,"minecraft:deepslate_bricks":232,"minecraft:crafting_table":9,"minecraft:magenta_bed":2,"minecraft:white_bed":1,"minecraft:campfire":1,"minecraft:smoker":4,"minecraft:deepslate_tile_wall":57,"minecraft:piston":1,"minecraft:flower_pot":2,"minecraft:apple":2,"minecraft:iron_pickaxe":2338,"minecraft:spruce_sapling":1,"minecraft:stone_axe":34,"minecraft:pink_bed":2,"minecraft:cobblestone":651,"minecraft:crimson_stairs":4,"minecraft:bucket":271,"minecraft:glass_pane":141},"minecraft:killed":{"minecraft:cave_spider":1,"minecraft:spider":10,"minecraft:skeleton":22,"minecraft:chicken":4,"minecraft:piglin":3,"minecraft:creeper":5,"minecraft:pillager":2,"minecraft:zombie":72,"minecraft:glow_squid":1,"minecraft:cow":10,"minecraft:slime":15,"minecraft:phantom":4,"minecraft:hoglin":5,"minecraft:enderman":2},"minecraft:killed_by":{"minecraft:wither_skeleton":1,"minecraft:creeper":1,"minecraft:zombie":1},"minecraft:crafted":{"minecraft:brick":56,"minecraft:grindstone":1,"minecraft:smooth_stone":3,"minecraft:oak_planks":164,"minecraft:barrel":4,"minecraft:pink_bed":1,"minecraft:cooked_chicken":4,"minecraft:stone":14,"minecraft:bookshelf":18,"minecraft:glass":120,"minecraft:quartz_block":41,"minecraft:repeater":2,"minecraft:bow":1,"minecraft:iron_boots":1,"minecraft:chest":8,"minecraft:stone_hoe":1,"minecraft:magenta_dye":2,"minecraft:flower_pot":2,"minecraft:smoker":4,"minecraft:oak_slab":18,"minecraft:crafting_table":4,"minecraft:spruce_planks":20,"minecraft:wooden_pickaxe":1,"minecraft:iron_helmet":1,"minecraft:copper_ingot":8,"minecraft:sticky_piston":2,"minecraft:campfire":1,"minecraft:iron_chestplate":1,"minecraft:book":25,"minecraft:paper":102,"minecraft:shield":2,"minecraft:stick":24,"minecraft:stone_slab":2,"minecraft:iron_ingot":352,"minecraft:iron_pickaxe":10,"minecraft:iron_block":3,"minecraft:stone_sword":1,"minecraft:gold_ingot":108,"minecraft:redstone_torch":4,"minecraft:deepslate_bricks":1,"minecraft:shears":1,"minecraft:crimson_hyphae":6,"minecraft:stone_shovel":1,"minecraft:iron_nugget":36,"minecraft:spyglass":1,"minecraft:stone_button":1,"minecraft:furnace":11,"minecraft:piston":2,"minecraft:blast_furnace":1,"minecraft:bone_meal":3,"minecraft:pink_dye":2,"minecraft:glass_pane":144,"minecraft:flint_and_steel":1,"minecraft:lantern":4,"minecraft:iron_axe":3,"minecraft:stone_pickaxe":2,"minecraft:deepslate_tile_wall":2,"minecraft:redstone_block":1,"minecraft:cooked_beef":2,"minecraft:magenta_bed":1,"minecraft:crimson_planks":404,"minecraft:enchanting_table":1,"minecraft:crimson_slab":6,"minecraft:iron_sword":1,"minecraft:golden_shovel":1,"minecraft:bucket":1,"minecraft:deepslate_tiles":1,"minecraft:stone_axe":2,"minecraft:air":0,"minecraft:crimson_stairs":4,"minecraft:oak_boat":2,"minecraft:white_wool":3,"minecraft:iron_shovel":5,"minecraft:iron_leggings":1,"minecraft:anvil":1,"minecraft:stonecutter":1,"minecraft:crimson_door":6,"minecraft:white_bed":2,"minecraft:torch":16},"minecraft:picked_up":{"minecraft:iron_chestplate":2,"minecraft:redstone_block":1,"minecraft:anvil":3,"minecraft:diamond_sword":1,"minecraft:crimson_planks":129,"minecraft:amethyst_block":67,"minecraft:string":53,"minecraft:raw_copper":31,"minecraft:iron_leggings":2,"minecraft:sticky_piston":2,"minecraft:shroomlight":33,"minecraft:deepslate_tiles":29,"minecraft:gold_nugget":113,"minecraft:cobbled_deepslate":690,"minecraft:bucket":18,"minecraft:redstone_torch":5,"minecraft:calcite":6,"minecraft:iron_pickaxe":5,"minecraft:deepslate_tile_wall":7,"minecraft:iron_boots":2,"minecraft:golden_helmet":1,"minecraft:stick":178,"minecraft:torch":342,"minecraft:porkchop":8,"minecraft:pointed_dripstone":14,"minecraft:diorite":4,"minecraft:golden_chestplate":1,"minecraft:stone_sword":5,"minecraft:rotten_flesh":110,"minecraft:deepslate_brick_stairs":1,"minecraft:obsidian":4,"minecraft:cobblestone":959,"minecraft:crimson_hyphae":4,"minecraft:cooked_beef":352,"minecraft:feather":40,"minecraft:lilac":18,"minecraft:water_bucket":1,"minecraft:andesite":89,"minecraft:magenta_dye":1,"minecraft:flint":1,"minecraft:magenta_bed":1,"minecraft:lapis_lazuli":199,"minecraft:dirt":940,"minecraft:lantern":2,"minecraft:bone":72,"minecraft:stonecutter":1,"minecraft:bow":7,"minecraft:wheat_seeds":315,"minecraft:raw_gold":80,"minecraft:stone_hoe":2,"minecraft:oak_planks":124,"minecraft:stripped_crimson_stem":5,"minecraft:sand":128,"minecraft:crimson_door":3,"minecraft:diamond":8,"minecraft:crossbow":1,"minecraft:granite":24,"minecraft:chainmail_helmet":1,"minecraft:oak_sapling":20,"minecraft:netherrack":90,"minecraft:crimson_roots":5,"minecraft:crafting_table":25,"minecraft:azure_bluet":1,"minecraft:chicken":4,"minecraft:clay_ball":56,"minecraft:gold_block":1,"minecraft:shield":6,"minecraft:iron_axe":1,"minecraft:iron_shovel":3,"minecraft:blackstone":39,"minecraft:beef":25,"minecraft:player_head":2,"minecraft:sugar_cane":152,"minecraft:chest":13,"minecraft:piston":1,"minecraft:raw_iron":366,"minecraft:stone_button":1,"minecraft:carrot":2,"minecraft:redstone":78,"minecraft:netherite_pickaxe":1,"minecraft:arrow":81,"minecraft:peony":33,"minecraft:deepslate_bricks":39,"minecraft:rail":3,"minecraft:oxeye_daisy":1,"minecraft:glow_ink_sac":2,"minecraft:crimson_stem":430,"minecraft:leather":119,"minecraft:crimson_fungus":2,"minecraft:oak_log":534,"minecraft:golden_boots":1,"minecraft:gunpowder":8,"minecraft:cobblestone_stairs":2,"minecraft:white_banner":1,"minecraft:apple":3,"minecraft:stone_pickaxe":7,"minecraft:iron_ingot":65,"minecraft:iron_sword":4,"minecraft:book":12,"minecraft:pink_bed":1,"minecraft:warped_fungus":1,"minecraft:sweet_berries":67,"minecraft:quartz":167,"minecraft:spyglass":1,"minecraft:amethyst_shard":22,"minecraft:spruce_sapling":1,"minecraft:blast_furnace":23,"minecraft:white_bed":1,"minecraft:spruce_log":5,"minecraft:spider_eye":21,"minecraft:slime_ball":8,"minecraft:stone_axe":3,"minecraft:iron_helmet":4,"minecraft:baked_potato":1,"minecraft:coal":566,"minecraft:ender_pearl":1}},"DataVersion":3463}