{"stats":{"minecraft:dropped":{"minecraft:netherite_pickaxe":1,"minecraft:crimson_planks":4,"minecraft:stone_hoe":2,"minecraft:iron_ingot":48,"minecraft:iron_sword":1,"minecraft:wheat_seeds":104,"minecraft:cooked_beef":52,"minecraft:oak_log":32,"minecraft:diamond":1,"minecraft:iron_helmet":2,"minecraft:cobblestone":20,"minecraft:granite":24,"minecraft:rail":3,"minecraft:stick":27,"minecraft:dirt":287,"minecraft:diorite":4,"minecraft:iron_pickaxe":3,"minecraft:iron_shovel":3,"minecraft:string":1,"minecraft:bone":6,"minecraft:redstone":9,"minecraft:stone_axe":1,"minecraft:player_head":2,"minecraft:golden_chestplate":1,"minecraft:stone_sword":1,"minecraft:cobbled_deepslate":1,"minecraft:raw_iron":30,"minecraft:rotten_flesh":42,"minecraft:iron_boots":1,"minecraft:diamond_sword":1,"minecraft:shield":2,"minecraft:gunpowder":1,"minecraft:andesite":64,"minecraft:bow":1,"minecraft:magenta_dye":1,"minecraft:calcite":3,"minecraft:netherrack":4},"minecraft:mined":{"minecraft:deepslate_tiles":21,"minecraft:large_amethyst_bud":1,"minecraft:diamond_ore":6,"minecraft:tuff":1,"minecraft:white_bed":1,"minecraft:oak_sapling":2,"minecraft:pink_bed":1,"minecraft:deepslate_diamond_ore":1,"minecraft:sculk_vein":3,"minecraft:budding_amethyst":1,"minecraft:glow_lichen":1,"minecraft:deepslate_tile_wall":2,"minecraft:grass_block":937,"minecraft:crimson_roots":3,"minecraft:deepslate_bricks":13,"minecraft:crimson_fungus":2,"minecraft:spawner":1,"minecraft:crimson_stem":2,"minecraft:weeping_vines_plant":1,"minecraft:redstone_ore":1,"minecraft:magma_block":2,"minecraft:iron_ore":202,"minecraft:cobbled_deepslate":3,"minecraft:andesite":19,"minecraft:anvil":1,"minecraft:deepslate_lapis_ore":12,"minecraft:peony":28,"minecraft:pointed_dripstone":5,"minecraft:shroomlight":31,"minecraft:deepslate_iron_ore":116,"minecraft:dirt_path":1,"minecraft:crimson_door":1,"minecraft:stone":404,"minecraft:deepslate_redstone_ore":5,"minecraft:glass_pane":1,"minecraft:medium_amethyst_bud":1,"minecraft:crimson_nylium":4,"minecraft:amethyst_cluster":2,"minecraft:dandelion":1,"minecraft:crafting_table":5,"minecraft:torch":11,"minecraft:blast_furnace":3,"minecraft:chest":13,"minecraft:deepslate_coal_ore":1,"minecraft:copper_ore":7,"minecraft:tall_grass":2,"minecraft:cobblestone":67,"minecraft:deepslate_gold_ore":37,"minecraft:lapis_ore":15,"minecraft:sugar_cane":1,"minecraft:diorite":1,"minecraft:wall_torch":3,"minecraft:amethyst_block":63,"minecraft:magenta_bed":1,"minecraft:lilac":16,"minecraft:warped_fungus":1,"minecraft:grass":79,"minecraft:coal_ore":288,"minecraft:oak_log":6,"minecraft:sand":128,"minecraft:dirt":57,"minecraft:crimson_planks":30,"minecraft:cobweb":4,"minecraft:netherrack":51,"minecraft:gold_ore":10,"minecraft:crimson_hyphae":3,"minecraft:oak_leaves":28,"minecraft:deepslate":427},"minecraft:broken":{"minecraft:iron_shovel":4,"minecraft:stone_sword":1,"minecraft:golden_shovel":1,"minecraft:wooden_pickaxe":1,"minecraft:stone_pickaxe":1,"minecraft:shield":1,"minecraft:iron_pickaxe":5},"minecraft:custom":{"minecraft:interact_with_anvil":2,"minecraft:mob_kills":119,"minecraft:interact_with_crafting_table":68,"minecraft:open_barrel":1,"minecraft:leave_game":4,"minecraft:time_since_death":319519,"minecraft:climb_one_cm":1228,"minecraft:sprint_one_cm":1437214,"minecraft:walk_one_cm":1172559,"minecraft:damage_blocked_by_shield":4810,"minecraft:drop":97,"minecraft:play_time":427115,"minecraft:sneak_time":7514,"minecraft:deaths":3,"minecraft:walk_under_water_one_cm":44754,"minecraft:jump":7397,"minecraft:interact_with_blast_furnace":81,"minecraft:walk_on_water_one_cm":83018,"minecraft:total_world_time":427115,"minecraft:interact_with_furnace":23,"minecraft:interact_with_stonecutter":19,"minecraft:sleep_in_bed":5,"minecraft:time_since_rest":10339,"minecraft:damage_taken":5846,"minecraft:damage_dealt":18934,"minecraft:player_kills":1,"minecraft:swim_one_cm":35232,"minecraft:fly_one_cm":1582991,"minecraft:open_chest":178,"minecraft:crouch_one_cm":19688,"minecraft:fall_one_cm":170480,"minecraft:interact_with_smoker":13},"minecraft:used":{"minecraft:peony":27,"minecraft:iron_shovel":1093,"minecraft:stone_sword":124,"minecraft:flint_and_steel":2,"minecraft:chest":8,"minecraft:shield":78,"minecraft:iron_sword":207,"minecraft:cooked_chicken":4,"minecraft:rotten_flesh":3,"minecraft:stone_hoe":32,"minecraft:netherrack":49,"minecraft:torch":160,"minecraft:spyglass":10,"minecraft:dirt":210,"minecraft:anvil":2,"minecraft:crimson_hyphae":9,"minecraft:golden_shovel":33,"minecraft:shroomlight":17,"minecraft:glass":30,"minecraft:lava_bucket":27,"minecraft:lantern":4,"minecraft:iron_axe":51,"minecraft:crimson_roots":4,"minecraft:crimson_planks":254,"minecraft:barrel":4,"minecraft:bow":51,"minecraft:sweet_berries":20,"minecraft:oak_sapling":23,"minecraft:furnace":1,"minecraft:cooked_beef":95,"minecraft:cobbled_deepslate":3,"minecraft:calcite":3,"minecraft:crimson_stem":87,"minecraft:water_bucket":205,"minecraft:cobblestone_stairs":4,"minecraft:baked_potato":1,"minecraft:oak_planks":4,"minecraft:stone_pickaxe":197,"minecraft:wooden_pickaxe":59,"minecraft:sugar_cane":3,"minecraft:stonecutter":1,"minecraft:deepslate_bricks":80,"minecraft:crafting_table":8,"minecraft:blast_furnace":8,"minecraft:magenta_bed":2,"minecraft:white_bed":1,"minecraft:campfire":1,"minecraft:smoker":4,"minecraft:deepslate_tile_wall":22,"minecraft:deepslate_tiles":165,"minecraft:apple":2,"minecraft:iron_pickaxe":1544,"minecraft:spruce_sapling":1,"minecraft:pink_bed":2,"minecraft:lilac":13,"minecraft:stone_axe":34,"minecraft:cobblestone":521,"minecraft:crimson_door":7,"minecraft:andesite":5,"minecraft:bucket":233,"minecraft:glass_pane":123,"minecraft:oak_boat":1},"minecraft:killed":{"minecraft:cave_spider":1,"minecraft:spider":10,"minecraft:phantom":4,"minecraft:skeleton":16,"minecraft:chicken":4,"minecraft:piglin":3,"minecraft:hoglin":3,"minecraft:creeper":5,"minecraft:zombie":57,"minecraft:glow_squid":1,"minecraft:enderman":2,"minecraft:cow":10},"minecraft:killed_by":{"minecraft:wither_skeleton":1,"minecraft:creeper":1,"minecraft:zombie":1},"minecraft:crafted":{"minecraft:smooth_stone":3,"minecraft:oak_planks":80,"minecraft:barrel":4,"minecraft:spyglass":1,"minecraft:iron_nugget":18,"minecraft:pink_bed":1,"minecraft:cooked_chicken":4,"minecraft:furnace":11,"minecraft:blast_furnace":1,"minecraft:stone":6,"minecraft:pink_dye":2,"minecraft:glass_pane":144,"minecraft:flint_and_steel":1,"minecraft:glass":104,"minecraft:lantern":2,"minecraft:iron_boots":1,"minecraft:iron_axe":2,"minecraft:stone_pickaxe":2,"minecraft:chest":8,"minecraft:deepslate_tile_wall":2,"minecraft:stone_hoe":1,"minecraft:magenta_dye":2,"minecraft:smoker":4,"minecraft:cooked_beef":2,"minecraft:oak_slab":18,"minecraft:magenta_bed":1,"minecraft:crimson_planks":376,"minecraft:crafting_table":3,"minecraft:spruce_planks":20,"minecraft:enchanting_table":1,"minecraft:wooden_pickaxe":1,"minecraft:iron_helmet":1,"minecraft:iron_sword":1,"minecraft:copper_ingot":8,"minecraft:golden_shovel":1,"minecraft:bucket":1,"minecraft:campfire":1,"minecraft:deepslate_tiles":1,"minecraft:stone_axe":2,"minecraft:air":0,"minecraft:oak_boat":2,"minecraft:white_wool":3,"minecraft:iron_chestplate":1,"minecraft:shield":2,"minecraft:stick":24,"minecraft:iron_ingot":334,"minecraft:iron_pickaxe":7,"minecraft:iron_block":3,"minecraft:stone_sword":1,"minecraft:iron_shovel":5,"minecraft:gold_ingot":35,"minecraft:iron_leggings":1,"minecraft:crimson_door":6,"minecraft:stonecutter":1,"minecraft:anvil":1,"minecraft:white_bed":2,"minecraft:torch":16,"minecraft:deepslate_bricks":1,"minecraft:shears":1,"minecraft:crimson_hyphae":6},"minecraft:picked_up":{"minecraft:iron_chestplate":1,"minecraft:crafting_table":25,"minecraft:chicken":4,"minecraft:anvil":1,"minecraft:diamond_sword":1,"minecraft:crimson_planks":34,"minecraft:shield":6,"minecraft:amethyst_block":64,"minecraft:string":53,"minecraft:raw_copper":31,"minecraft:iron_axe":1,"minecraft:iron_leggings":1,"minecraft:iron_shovel":3,"minecraft:shroomlight":29,"minecraft:deepslate_tiles":21,"minecraft:cobbled_deepslate":424,"minecraft:bucket":18,"minecraft:beef":25,"minecraft:calcite":6,"minecraft:player_head":2,"minecraft:iron_pickaxe":3,"minecraft:deepslate_tile_wall":2,"minecraft:sugar_cane":3,"minecraft:chest":13,"minecraft:iron_boots":2,"minecraft:golden_helmet":1,"minecraft:stick":178,"minecraft:raw_iron":348,"minecraft:torch":341,"minecraft:porkchop":2,"minecraft:pointed_dripstone":14,"minecraft:diorite":4,"minecraft:netherite_pickaxe":1,"minecraft:carrot":1,"minecraft:redstone":36,"minecraft:golden_chestplate":1,"minecraft:stone_sword":5,"minecraft:arrow":74,"minecraft:rotten_flesh":95,"minecraft:peony":28,"minecraft:deepslate_bricks":13,"minecraft:obsidian":4,"minecraft:rail":3,"minecraft:cobblestone":758,"minecraft:crimson_hyphae":3,"minecraft:cooked_beef":352,"minecraft:feather":40,"minecraft:lilac":14,"minecraft:crimson_stem":349,"minecraft:glow_ink_sac":2,"minecraft:water_bucket":1,"minecraft:andesite":89,"minecraft:leather":119,"minecraft:magenta_dye":1,"minecraft:crimson_fungus":2,"minecraft:oak_log":534,"minecraft:magenta_bed":1,"minecraft:gunpowder":8,"minecraft:lapis_lazuli":199,"minecraft:dirt":761,"minecraft:lantern":2,"minecraft:bone":66,"minecraft:apple":3,"minecraft:bow":5,"minecraft:wheat_seeds":300,"minecraft:raw_gold":63,"minecraft:iron_ingot":65,"minecraft:stone_pickaxe":7,"minecraft:stone_hoe":2,"minecraft:iron_sword":2,"minecraft:oak_planks":124,"minecraft:pink_bed":1,"minecraft:warped_fungus":1,"minecraft:sweet_berries":20,"minecraft:spyglass":1,"minecraft:stripped_crimson_stem":5,"minecraft:sand":128,"minecraft:amethyst_shard":22,"minecraft:spruce_sapling":1,"minecraft:blast_furnace":23,"minecraft:crimson_door":3,"minecraft:white_bed":1,"minecraft:spruce_log":5,"minecraft:spider_eye":21,"minecraft:diamond":8,"minecraft:stone_axe":3,"minecraft:iron_helmet":3,"minecraft:granite":24,"minecraft:chainmail_helmet":1,"minecraft:baked_potato":1,"minecraft:oak_sapling":20,"minecraft:netherrack":59,"minecraft:coal":566,"minecraft:crimson_roots":4,"minecraft:ender_pearl":1}},"DataVersion":3463}