{"stats":{"minecraft:killed_by":{"minecraft:wither_skeleton":1,"minecraft:creeper":1,"minecraft:zombie":1},"minecraft:mined":{"minecraft:large_amethyst_bud":1,"minecraft:white_bed":1,"minecraft:oak_sapling":2,"minecraft:pink_bed":1,"minecraft:cobblestone_stairs":2,"minecraft:sculk_vein":3,"minecraft:budding_amethyst":1,"minecraft:deepslate_tile_wall":7,"minecraft:grass_block":1063,"minecraft:deepslate_bricks":27,"minecraft:crimson_fungus":2,"minecraft:oxeye_daisy":1,"minecraft:spawner":1,"minecraft:weeping_vines_plant":2,"minecraft:magma_block":2,"minecraft:fire":19,"minecraft:iron_ore":205,"minecraft:cobbled_deepslate":3,"minecraft:deepslate_lapis_ore":12,"minecraft:anvil":3,"minecraft:azure_bluet":1,"minecraft:pointed_dripstone":5,"minecraft:dirt_path":3,"minecraft:deepslate_brick_stairs":1,"minecraft:deepslate_redstone_ore":13,"minecraft:blackstone":38,"minecraft:crimson_nylium":4,"minecraft:medium_amethyst_bud":1,"minecraft:amethyst_cluster":2,"minecraft:clay":14,"minecraft:torch":11,"minecraft:blast_furnace":3,"minecraft:chest":13,"minecraft:nether_quartz_ore":168,"minecraft:cobblestone":70,"minecraft:sugar_cane":42,"minecraft:wall_torch":3,"minecraft:amethyst_block":66,"minecraft:magenta_bed":1,"minecraft:lilac":16,"minecraft:warped_fungus":1,"minecraft:grass":90,"minecraft:oak_log":6,"minecraft:sand":128,"minecraft:dirt":82,"minecraft:crimson_planks":125,"minecraft:stonecutter":1,"minecraft:netherrack":82,"minecraft:oak_leaves":28,"minecraft:deepslate":693,"minecraft:nether_gold_ore":27,"minecraft:deepslate_tiles":28,"minecraft:diamond_ore":6,"minecraft:tuff":1,"minecraft:deepslate_diamond_ore":1,"minecraft:glow_lichen":1,"minecraft:crimson_roots":4,"minecraft:crimson_stem":2,"minecraft:redstone_ore":2,"minecraft:andesite":19,"minecraft:gold_block":1,"minecraft:peony":31,"minecraft:bookshelf":1,"minecraft:deepslate_iron_ore":131,"minecraft:shroomlight":35,"minecraft:crimson_door":1,"minecraft:stone":588,"minecraft:glass_pane":1,"minecraft:dandelion":1,"minecraft:crafting_table":5,"minecraft:tall_grass":2,"minecraft:copper_ore":7,"minecraft:deepslate_coal_ore":1,"minecraft:lapis_ore":15,"minecraft:deepslate_gold_ore":54,"minecraft:diorite":1,"minecraft:coal_ore":288,"minecraft:cobweb":4,"minecraft:gold_ore":10,"minecraft:crimson_hyphae":3},"minecraft:dropped":{"minecraft:iron_sword":3,"minecraft:cooked_beef":52,"minecraft:oak_log":32,"minecraft:diamond":1,"minecraft:rail":3,"minecraft:dirt":287,"minecraft:crimson_roots":1,"minecraft:iron_pickaxe":5,"minecraft:bone":6,"minecraft:stone_axe":1,"minecraft:golden_chestplate":1,"minecraft:cobbled_deepslate":1,"minecraft:rotten_flesh":43,"minecraft:gunpowder":1,"minecraft:netherrack":4,"minecraft:crimson_planks":4,"minecraft:stone_hoe":2,"minecraft:golden_boots":1,"minecraft:iron_ingot":48,"minecraft:netherite_pickaxe":1,"minecraft:wheat_seeds":119,"minecraft:iron_helmet":3,"minecraft:cobblestone":20,"minecraft:granite":24,"minecraft:stick":27,"minecraft:diorite":4,"minecraft:iron_leggings":1,"minecraft:iron_shovel":3,"minecraft:string":1,"minecraft:redstone":9,"minecraft:sweet_berries":47,"minecraft:player_head":2,"minecraft:stone_sword":1,"minecraft:raw_iron":30,"minecraft:iron_boots":1,"minecraft:diamond_sword":1,"minecraft:shield":2,"minecraft:iron_chestplate":1,"minecraft:andesite":64,"minecraft:bow":1,"minecraft:magenta_dye":1,"minecraft:calcite":3},"minecraft:custom":{"minecraft:interact_with_crafting_table":96,"minecraft:open_barrel":1,"minecraft:leave_game":6,"minecraft:time_since_death":541662,"minecraft:sprint_one_cm":2042269,"minecraft:damage_blocked_by_shield":5740,"minecraft:drop":110,"minecraft:play_time":649258,"minecraft:deaths":3,"minecraft:jump":10133,"minecraft:walk_on_water_one_cm":101099,"minecraft:enchant_item":4,"minecraft:interact_with_furnace":30,"minecraft:sleep_in_bed":6,"minecraft:damage_dealt":23315,"minecraft:player_kills":1,"minecraft:crouch_one_cm":29333,"minecraft:interact_with_smoker":14,"minecraft:mob_kills":154,"minecraft:interact_with_anvil":6,"minecraft:climb_one_cm":1731,"minecraft:walk_one_cm":1800860,"minecraft:sneak_time":10291,"minecraft:walk_under_water_one_cm":52574,"minecraft:interact_with_blast_furnace":89,"minecraft:total_world_time":649258,"minecraft:pot_flower":2,"minecraft:interact_with_grindstone":4,"minecraft:interact_with_stonecutter":37,"minecraft:time_since_rest":111770,"minecraft:damage_taken":6975,"minecraft:swim_one_cm":42994,"minecraft:fly_one_cm":2170489,"minecraft:open_chest":260,"minecraft:fall_one_cm":229072},"minecraft:killed":{"minecraft:cave_spider":1,"minecraft:spider":10,"minecraft:skeleton":21,"minecraft:chicken":4,"minecraft:piglin":3,"minecraft:creeper":5,"minecraft:pillager":2,"minecraft:zombie":68,"minecraft:glow_squid":1,"minecraft:cow":10,"minecraft:slime":15,"minecraft:phantom":4,"minecraft:hoglin":5,"minecraft:enderman":2},"minecraft:picked_up":{"minecraft:iron_chestplate":2,"minecraft:anvil":3,"minecraft:diamond_sword":1,"minecraft:crimson_planks":129,"minecraft:amethyst_block":67,"minecraft:string":53,"minecraft:raw_copper":31,"minecraft:iron_leggings":2,"minecraft:shroomlight":33,"minecraft:deepslate_tiles":28,"minecraft:gold_nugget":113,"minecraft:cobbled_deepslate":690,"minecraft:bucket":18,"minecraft:calcite":6,"minecraft:iron_pickaxe":5,"minecraft:deepslate_tile_wall":7,"minecraft:iron_boots":2,"minecraft:golden_helmet":1,"minecraft:stick":178,"minecraft:torch":342,"minecraft:porkchop":8,"minecraft:pointed_dripstone":14,"minecraft:diorite":4,"minecraft:golden_chestplate":1,"minecraft:stone_sword":5,"minecraft:rotten_flesh":109,"minecraft:deepslate_brick_stairs":1,"minecraft:obsidian":4,"minecraft:cobblestone":948,"minecraft:crimson_hyphae":4,"minecraft:cooked_beef":352,"minecraft:feather":40,"minecraft:lilac":15,"minecraft:water_bucket":1,"minecraft:andesite":89,"minecraft:flint":1,"minecraft:magenta_dye":1,"minecraft:magenta_bed":1,"minecraft:lapis_lazuli":199,"minecraft:dirt":916,"minecraft:lantern":2,"minecraft:bone":70,"minecraft:stonecutter":1,"minecraft:bow":7,"minecraft:wheat_seeds":315,"minecraft:raw_gold":80,"minecraft:stone_hoe":2,"minecraft:oak_planks":124,"minecraft:stripped_crimson_stem":5,"minecraft:sand":128,"minecraft:crimson_door":3,"minecraft:diamond":8,"minecraft:crossbow":1,"minecraft:granite":24,"minecraft:chainmail_helmet":1,"minecraft:oak_sapling":20,"minecraft:netherrack":90,"minecraft:crimson_roots":5,"minecraft:crafting_table":25,"minecraft:azure_bluet":1,"minecraft:chicken":4,"minecraft:clay_ball":56,"minecraft:gold_block":1,"minecraft:shield":6,"minecraft:iron_axe":1,"minecraft:iron_shovel":3,"minecraft:blackstone":39,"minecraft:beef":25,"minecraft:player_head":2,"minecraft:sugar_cane":69,"minecraft:chest":13,"minecraft:raw_iron":366,"minecraft:carrot":1,"minecraft:redstone":77,"minecraft:netherite_pickaxe":1,"minecraft:arrow":80,"minecraft:peony":33,"minecraft:deepslate_bricks":27,"minecraft:rail":3,"minecraft:oxeye_daisy":1,"minecraft:glow_ink_sac":2,"minecraft:crimson_stem":430,"minecraft:leather":119,"minecraft:crimson_fungus":2,"minecraft:oak_log":534,"minecraft:golden_boots":1,"minecraft:gunpowder":8,"minecraft:cobblestone_stairs":2,"minecraft:white_banner":1,"minecraft:apple":3,"minecraft:stone_pickaxe":7,"minecraft:iron_ingot":65,"minecraft:iron_sword":4,"minecraft:book":3,"minecraft:pink_bed":1,"minecraft:warped_fungus":1,"minecraft:sweet_berries":67,"minecraft:quartz":167,"minecraft:spyglass":1,"minecraft:amethyst_shard":22,"minecraft:spruce_sapling":1,"minecraft:blast_furnace":23,"minecraft:white_bed":1,"minecraft:spruce_log":5,"minecraft:spider_eye":21,"minecraft:slime_ball":8,"minecraft:stone_axe":3,"minecraft:iron_helmet":4,"minecraft:baked_potato":1,"minecraft:coal":566,"minecraft:ender_pearl":1},"minecraft:crafted":{"minecraft:brick":56,"minecraft:grindstone":1,"minecraft:smooth_stone":3,"minecraft:oak_planks":124,"minecraft:barrel":4,"minecraft:pink_bed":1,"minecraft:cooked_chicken":4,"minecraft:stone":7,"minecraft:bookshelf":11,"minecraft:quartz_block":41,"minecraft:glass":120,"minecraft:bow":1,"minecraft:iron_boots":1,"minecraft:chest":8,"minecraft:stone_hoe":1,"minecraft:magenta_dye":2,"minecraft:flower_pot":2,"minecraft:smoker":4,"minecraft:oak_slab":18,"minecraft:crafting_table":3,"minecraft:spruce_planks":20,"minecraft:wooden_pickaxe":1,"minecraft:iron_helmet":1,"minecraft:copper_ingot":8,"minecraft:campfire":1,"minecraft:iron_chestplate":1,"minecraft:book":14,"minecraft:paper":42,"minecraft:shield":2,"minecraft:stick":24,"minecraft:stone_slab":2,"minecraft:iron_ingot":334,"minecraft:iron_pickaxe":10,"minecraft:iron_block":3,"minecraft:stone_sword":1,"minecraft:gold_ingot":91,"minecraft:deepslate_bricks":1,"minecraft:shears":1,"minecraft:crimson_hyphae":6,"minecraft:iron_nugget":36,"minecraft:spyglass":1,"minecraft:furnace":11,"minecraft:blast_furnace":1,"minecraft:bone_meal":3,"minecraft:pink_dye":2,"minecraft:glass_pane":144,"minecraft:flint_and_steel":1,"minecraft:lantern":4,"minecraft:iron_axe":3,"minecraft:stone_pickaxe":2,"minecraft:deepslate_tile_wall":2,"minecraft:cooked_beef":2,"minecraft:magenta_bed":1,"minecraft:crimson_planks":384,"minecraft:enchanting_table":1,"minecraft:crimson_slab":6,"minecraft:iron_sword":1,"minecraft:golden_shovel":1,"minecraft:bucket":1,"minecraft:deepslate_tiles":1,"minecraft:stone_axe":2,"minecraft:air":0,"minecraft:crimson_stairs":4,"minecraft:oak_boat":2,"minecraft:white_wool":3,"minecraft:iron_shovel":5,"minecraft:iron_leggings":1,"minecraft:anvil":1,"minecraft:stonecutter":1,"minecraft:crimson_door":6,"minecraft:white_bed":2,"minecraft:torch":16},"minecraft:used":{"minecraft:peony":30,"minecraft:iron_shovel":1260,"minecraft:chest":20,"minecraft:shield":88,"minecraft:iron_sword":285,"minecraft:rotten_flesh":3,"minecraft:deepslate_brick_slab":6,"minecraft:glass":42,"minecraft:lava_bucket":27,"minecraft:lantern":6,"minecraft:crimson_roots":4,"minecraft:bow":52,"minecraft:sweet_berries":20,"minecraft:furnace":1,"minecraft:oak_sapling":23,"minecraft:chiseled_polished_blackstone":2,"minecraft:oak_planks":4,"minecraft:stone_pickaxe":197,"minecraft:wooden_pickaxe":59,"minecraft:sugar_cane":27,"minecraft:blast_furnace":8,"minecraft:deepslate_brick_stairs":11,"minecraft:deepslate_tiles":249,"minecraft:lilac":13,"minecraft:grindstone":1,"minecraft:crimson_door":7,"minecraft:andesite":5,"minecraft:oak_boat":2,"minecraft:bone_meal":3,"minecraft:golden_pickaxe":32,"minecraft:enchanting_table":1,"minecraft:stone_sword":124,"minecraft:flint_and_steel":2,"minecraft:cooked_chicken":4,"minecraft:stone_hoe":36,"minecraft:netherrack":49,"minecraft:torch":168,"minecraft:spyglass":10,"minecraft:dirt":405,"minecraft:anvil":4,"minecraft:crimson_hyphae":10,"minecraft:golden_shovel":33,"minecraft:shroomlight":27,"minecraft:bookshelf":11,"minecraft:iron_axe":147,"minecraft:crimson_slab":2,"minecraft:crimson_planks":362,"minecraft:barrel":4,"minecraft:cooked_beef":125,"minecraft:cobbled_deepslate":3,"minecraft:crimson_stem":114,"minecraft:calcite":3,"minecraft:water_bucket":237,"minecraft:amethyst_block":51,"minecraft:cobblestone_stairs":6,"minecraft:baked_potato":1,"minecraft:stonecutter":2,"minecraft:deepslate_bricks":220,"minecraft:crafting_table":8,"minecraft:magenta_bed":2,"minecraft:white_bed":1,"minecraft:campfire":1,"minecraft:smoker":4,"minecraft:deepslate_tile_wall":57,"minecraft:flower_pot":2,"minecraft:apple":2,"minecraft:iron_pickaxe":2310,"minecraft:spruce_sapling":1,"minecraft:stone_axe":34,"minecraft:pink_bed":2,"minecraft:cobblestone":580,"minecraft:crimson_stairs":4,"minecraft:bucket":265,"minecraft:glass_pane":141},"minecraft:broken":{"minecraft:iron_shovel":4,"minecraft:golden_shovel":1,"minecraft:stone_pickaxe":1,"minecraft:stone_sword":1,"minecraft:wooden_pickaxe":1,"minecraft:shield":2,"minecraft:iron_axe":1,"minecraft:iron_pickaxe":8,"minecraft:golden_pickaxe":1}},"DataVersion":3463}