{"stats":{"minecraft:killed_by":{"minecraft:drowned":1},"minecraft:mined":{"minecraft:mangrove_stairs":3,"minecraft:acacia_leaves":5,"minecraft:smoker":1,"minecraft:soul_lantern":2,"minecraft:crafting_table":2,"minecraft:blast_furnace":2,"minecraft:acacia_log":16,"minecraft:grass_block":21,"minecraft:yellow_candle":1,"minecraft:chest":2,"minecraft:dead_bush":64,"minecraft:lectern":1,"minecraft:coal_block":2,"minecraft:mangrove_trapdoor":10,"minecraft:copper_ore":2,"minecraft:cobblestone":1,"minecraft:sugar_cane":10,"minecraft:wall_torch":3,"minecraft:spawner":1,"minecraft:hay_block":6,"minecraft:tall_seagrass":1,"minecraft:lapis_block":1,"minecraft:barrel":3,"minecraft:spruce_log":3,"minecraft:jukebox":1,"minecraft:andesite":31,"minecraft:pumpkin":7,"minecraft:grass":9,"minecraft:mangrove_slab":1,"minecraft:bookshelf":43,"minecraft:coal_ore":101,"minecraft:lantern":1,"minecraft:dirt":7,"minecraft:potted_cornflower":1,"minecraft:stone":386,"minecraft:player_head":9,"minecraft:gray_candle":1},"minecraft:dropped":{"minecraft:ink_sac":1},"minecraft:killed":{"minecraft:salmon":6,"minecraft:squid":1,"minecraft:sheep":4,"minecraft:cow":8},"minecraft:custom":{"minecraft:mob_kills":19,"minecraft:interact_with_crafting_table":11,"minecraft:open_barrel":4,"minecraft:time_since_death":79114,"minecraft:sleep_in_bed":2,"minecraft:time_since_rest":50198,"minecraft:sprint_one_cm":151639,"minecraft:damage_taken":790,"minecraft:walk_one_cm":192764,"minecraft:drop":1,"minecraft:damage_dealt":1455,"minecraft:swim_one_cm":69357,"minecraft:fly_one_cm":160503,"minecraft:open_chest":24,"minecraft:crouch_one_cm":1103,"minecraft:play_time":83688,"minecraft:deaths":1,"minecraft:sneak_time":384,"minecraft:walk_under_water_one_cm":22681,"minecraft:interact_with_blast_furnace":1,"minecraft:jump":871,"minecraft:walk_on_water_one_cm":14343,"minecraft:total_world_time":83688,"minecraft:interact_with_smoker":6,"minecraft:fall_one_cm":19095},"minecraft:picked_up":{"minecraft:crafting_table":2,"minecraft:flower_pot":1,"minecraft:andesite":31,"minecraft:salmon":6,"minecraft:leather":7,"minecraft:smoker":1,"minecraft:potato":9,"minecraft:yellow_candle":3,"minecraft:lapis_block":1,"minecraft:cornflower":1,"minecraft:dirt":28,"minecraft:lantern":3,"minecraft:raw_copper":6,"minecraft:oak_sign":2,"minecraft:apple":5,"minecraft:sea_pickle":1,"minecraft:beef":15,"minecraft:player_head":9,"minecraft:coal_block":2,"minecraft:lectern":1,"minecraft:gray_candle":3,"minecraft:sugar_cane":28,"minecraft:chest":2,"minecraft:book":129,"minecraft:stick":145,"minecraft:jukebox":1,"minecraft:pumpkin":7,"minecraft:torch":3,"minecraft:acacia_log":18,"minecraft:blast_furnace":2,"minecraft:ink_sac":2,"minecraft:spruce_log":3,"minecraft:mangrove_trapdoor":10,"minecraft:barrel":3,"minecraft:mangrove_stairs":3,"minecraft:soul_lantern":5,"minecraft:writable_book":1,"minecraft:painting":1,"minecraft:hay_block":6,"minecraft:bone_meal":1,"minecraft:gray_wool":1,"minecraft:spruce_sign":1,"minecraft:bread":5,"minecraft:black_wool":2,"minecraft:mutton":5,"minecraft:coal":101,"minecraft:cobblestone":375,"minecraft:white_wool":1},"minecraft:crafted":{"minecraft:cooked_beef":15,"minecraft:black_dye":1,"minecraft:stone_shovel":1,"minecraft:crafting_table":3,"minecraft:wooden_pickaxe":1,"minecraft:furnace":1,"minecraft:cooked_salmon":6,"minecraft:stone_axe":1,"minecraft:air":0,"minecraft:stone_pickaxe":4,"minecraft:stone_sword":1,"minecraft:chest":1,"minecraft:black_bed":1,"minecraft:acacia_planks":24,"minecraft:torch":20,"minecraft:black_wool":1,"minecraft:stone_hoe":1,"minecraft:smoker":1},"minecraft:used":{"minecraft:writable_book":1,"minecraft:stone_sword":24,"minecraft:stone_shovel":10,"minecraft:stone_pickaxe":478,"minecraft:chest":2,"minecraft:wooden_pickaxe":59,"minecraft:player_head":3,"minecraft:cooked_salmon":6,"minecraft:stone_hoe":6,"minecraft:torch":8,"minecraft:mangrove_trapdoor":5,"minecraft:dirt":28,"minecraft:crafting_table":5,"minecraft:blast_furnace":2,"minecraft:painting":1,"minecraft:black_bed":1,"minecraft:smoker":2,"minecraft:apple":3,"minecraft:lantern":3,"minecraft:bread":5,"minecraft:lectern":1,"minecraft:stone_axe":104,"minecraft:cobblestone":52,"minecraft:andesite":6,"minecraft:cooked_beef":2,"minecraft:jukebox":1},"minecraft:broken":{"minecraft:stone_pickaxe":3,"minecraft:wooden_pickaxe":1}},"DataVersion":3463}