{"stats":{"minecraft:killed_by":{"minecraft:drowned":1},"minecraft:mined":{"minecraft:acacia_leaves":5,"minecraft:crafting_table":2,"minecraft:acacia_log":12,"minecraft:grass_block":4,"minecraft:chest":2,"minecraft:dead_bush":64,"minecraft:copper_ore":2,"minecraft:sugar_cane":10,"minecraft:hay_block":6,"minecraft:barrel":3,"minecraft:pumpkin":7,"minecraft:grass":8,"minecraft:coal_ore":20,"minecraft:dirt":2,"minecraft:potted_cornflower":1,"minecraft:stone":126},"minecraft:dropped":{"minecraft:ink_sac":1},"minecraft:killed":{"minecraft:squid":1,"minecraft:sheep":4,"minecraft:cow":8},"minecraft:custom":{"minecraft:mob_kills":13,"minecraft:interact_with_crafting_table":7,"minecraft:open_barrel":3,"minecraft:time_since_death":19114,"minecraft:sleep_in_bed":1,"minecraft:time_since_rest":4540,"minecraft:sprint_one_cm":70045,"minecraft:damage_taken":440,"minecraft:walk_one_cm":49342,"minecraft:drop":1,"minecraft:damage_dealt":1275,"minecraft:swim_one_cm":20766,"minecraft:fly_one_cm":87087,"minecraft:open_chest":8,"minecraft:play_time":23688,"minecraft:deaths":1,"minecraft:walk_under_water_one_cm":993,"minecraft:jump":381,"minecraft:walk_on_water_one_cm":5322,"minecraft:total_world_time":23688,"minecraft:interact_with_smoker":3,"minecraft:fall_one_cm":9355},"minecraft:picked_up":{"minecraft:crafting_table":2,"minecraft:flower_pot":1,"minecraft:leather":7,"minecraft:potato":9,"minecraft:cornflower":1,"minecraft:dirt":6,"minecraft:lantern":2,"minecraft:raw_copper":6,"minecraft:oak_sign":2,"minecraft:apple":5,"minecraft:sea_pickle":1,"minecraft:beef":15,"minecraft:sugar_cane":28,"minecraft:chest":2,"minecraft:stick":145,"minecraft:pumpkin":7,"minecraft:acacia_log":14,"minecraft:ink_sac":2,"minecraft:barrel":3,"minecraft:hay_block":6,"minecraft:gray_wool":1,"minecraft:spruce_sign":1,"minecraft:bread":5,"minecraft:black_wool":2,"minecraft:mutton":5,"minecraft:coal":20,"minecraft:cobblestone":126,"minecraft:white_wool":1},"minecraft:crafted":{"minecraft:black_dye":1,"minecraft:crafting_table":2,"minecraft:wooden_pickaxe":1,"minecraft:furnace":1,"minecraft:stone_axe":1,"minecraft:stone_pickaxe":1,"minecraft:stone_sword":1,"minecraft:chest":1,"minecraft:black_bed":1,"minecraft:acacia_planks":20,"minecraft:black_wool":1,"minecraft:stone_hoe":1,"minecraft:smoker":1},"minecraft:used":{"minecraft:stone_sword":16,"minecraft:stone_pickaxe":89,"minecraft:chest":2,"minecraft:wooden_pickaxe":59,"minecraft:stone_hoe":6,"minecraft:dirt":6,"minecraft:crafting_table":4,"minecraft:black_bed":1,"minecraft:smoker":1,"minecraft:apple":3,"minecraft:bread":5,"minecraft:stone_axe":32},"minecraft:broken":{"minecraft:wooden_pickaxe":1}},"DataVersion":3463}