{"stats":{"minecraft:dropped":{"minecraft:diamond":16,"minecraft:cooked_porkchop":1,"minecraft:cobblestone":64,"minecraft:granite":64,"minecraft:diorite":3,"minecraft:netherite_boots":1,"minecraft:iron_pickaxe":1,"minecraft:stone_sword":1,"minecraft:rotten_flesh":7,"minecraft:andesite":64,"minecraft:chest":7,"minecraft:golden_sword":1},"minecraft:mined":{"minecraft:tuff":24,"minecraft:spruce_planks":1,"minecraft:white_bed":1,"minecraft:deepslate_diamond_ore":2,"minecraft:oak_door":1,"minecraft:granite":16,"minecraft:grass_block":441,"minecraft:spruce_leaves":8,"minecraft:spawner":3,"minecraft:furnace":2,"minecraft:iron_ore":163,"minecraft:cobbled_deepslate":1,"minecraft:andesite":50,"minecraft:deepslate_iron_ore":8,"minecraft:black_candle":1,"minecraft:stone":162,"minecraft:red_bed":1,"minecraft:dandelion":1,"minecraft:crafting_table":5,"minecraft:torch":2,"minecraft:blast_furnace":1,"minecraft:chest":7,"minecraft:cobblestone":2,"minecraft:tall_grass":5,"minecraft:copper_ore":1,"minecraft:diorite":3,"minecraft:wall_torch":2,"minecraft:birch_log":1,"minecraft:sweet_berry_bush":22,"minecraft:spruce_log":33,"minecraft:grass":48,"minecraft:oak_log":1,"minecraft:coal_ore":110,"minecraft:dirt":19,"minecraft:cobweb":20,"minecraft:stonecutter":1,"minecraft:stone_bricks":13,"minecraft:oak_leaves":45,"minecraft:deepslate":171},"minecraft:broken":{"minecraft:iron_shovel":1,"minecraft:wooden_pickaxe":1,"minecraft:stone_pickaxe":1,"minecraft:shield":1,"minecraft:stone_axe":1,"minecraft:iron_pickaxe":1},"minecraft:custom":{"minecraft:mob_kills":53,"minecraft:interact_with_crafting_table":53,"minecraft:leave_game":11,"minecraft:time_since_death":43097,"minecraft:sprint_one_cm":440001,"minecraft:walk_one_cm":895330,"minecraft:damage_blocked_by_shield":5142,"minecraft:drop":12,"minecraft:play_time":275291,"minecraft:deaths":16,"minecraft:sneak_time":784,"minecraft:walk_under_water_one_cm":9161,"minecraft:jump":2268,"minecraft:interact_with_blast_furnace":12,"minecraft:walk_on_water_one_cm":26757,"minecraft:total_world_time":275291,"minecraft:interact_with_furnace":52,"minecraft:interact_with_stonecutter":3,"minecraft:sleep_in_bed":1,"minecraft:time_since_rest":43143,"minecraft:damage_taken":9195,"minecraft:damage_dealt":8953,"minecraft:swim_one_cm":1623,"minecraft:fly_one_cm":177371,"minecraft:open_chest":54,"minecraft:crouch_one_cm":2210,"minecraft:fall_one_cm":58505},"minecraft:used":{"minecraft:stone_sword":141,"minecraft:iron_shovel":450,"minecraft:chest":3,"minecraft:spruce_planks":1,"minecraft:shield":82,"minecraft:iron_sword":87,"minecraft:oak_door":3,"minecraft:torch":222,"minecraft:dirt":469,"minecraft:iron_axe":15,"minecraft:stone_bricks":43,"minecraft:golden_sword":8,"minecraft:golden_carrot":9,"minecraft:bow":1,"minecraft:sweet_berries":65,"minecraft:oak_sapling":14,"minecraft:furnace":4,"minecraft:cooked_beef":23,"minecraft:cobbled_deepslate":3,"minecraft:stone_pickaxe":243,"minecraft:oak_planks":8,"minecraft:wooden_pickaxe":59,"minecraft:stonecutter":2,"minecraft:crafting_table":8,"minecraft:blast_furnace":2,"minecraft:red_bed":1,"minecraft:white_bed":1,"minecraft:campfire":1,"minecraft:birch_fence":24,"minecraft:oak_log":50,"minecraft:apple":1,"minecraft:iron_pickaxe":434,"minecraft:stone_axe":38,"minecraft:cobblestone":1,"minecraft:cooked_porkchop":15,"minecraft:andesite":1,"minecraft:birch_log":13,"minecraft:experience_bottle":5},"minecraft:killed":{"minecraft:cave_spider":2,"minecraft:witch":1,"minecraft:spider":2,"minecraft:skeleton":5,"minecraft:pig":4,"minecraft:creeper":2,"minecraft:sheep":2,"minecraft:zombie":24,"minecraft:cow":4,"minecraft:enderman":6},"minecraft:killed_by":{"minecraft:wither_skeleton":6,"minecraft:enderman":1,"minecraft:hoglin":1,"minecraft:skeleton":4,"minecraft:witch":1,"minecraft:zombie":1},"minecraft:crafted":{"minecraft:oak_door":3,"minecraft:oak_planks":256,"minecraft:smooth_stone":3,"minecraft:furnace":4,"minecraft:blast_furnace":1,"minecraft:stone":112,"minecraft:iron_boots":2,"minecraft:iron_axe":1,"minecraft:stone_pickaxe":6,"minecraft:chest":2,"minecraft:stone_bricks":5,"minecraft:cooked_beef":14,"minecraft:cooked_porkchop":8,"minecraft:crafting_table":3,"minecraft:spruce_planks":116,"minecraft:wooden_pickaxe":1,"minecraft:iron_helmet":2,"minecraft:iron_sword":2,"minecraft:birch_planks":44,"minecraft:campfire":1,"minecraft:stone_axe":5,"minecraft:air":0,"minecraft:iron_chestplate":2,"minecraft:charcoal":15,"minecraft:shield":4,"minecraft:birch_fence":21,"minecraft:stick":168,"minecraft:iron_ingot":100,"minecraft:iron_pickaxe":3,"minecraft:stone_sword":1,"minecraft:iron_shovel":3,"minecraft:iron_leggings":2,"minecraft:stonecutter":1,"minecraft:torch":264},"minecraft:picked_up":{"minecraft:crafting_table":5,"minecraft:wheat":18,"minecraft:enchanted_book":2,"minecraft:golden_sword":3,"minecraft:string":25,"minecraft:red_bed":2,"minecraft:raw_copper":36,"minecraft:flint_and_steel":1,"minecraft:birch_fence":8,"minecraft:experience_bottle":7,"minecraft:gold_nugget":9,"minecraft:cobbled_deepslate":171,"minecraft:spruce_planks":47,"minecraft:beef":16,"minecraft:player_head":1,"minecraft:iron_nugget":15,"minecraft:iron_pickaxe":1,"minecraft:enchanted_golden_apple":1,"minecraft:chest":8,"minecraft:furnace":2,"minecraft:tipped_arrow":1,"minecraft:stick":14,"minecraft:raw_iron":194,"minecraft:stone":1,"minecraft:oak_door":1,"minecraft:torch":116,"minecraft:porkchop":8,"minecraft:diorite":5,"minecraft:redstone":2,"minecraft:stone_sword":3,"minecraft:arrow":55,"minecraft:rotten_flesh":27,"minecraft:diamond_boots":2,"minecraft:gold_ingot":132,"minecraft:mutton":34,"minecraft:rail":2,"minecraft:white_wool":1,"minecraft:cobblestone":217,"minecraft:birch_log":113,"minecraft:netherite_boots":1,"minecraft:cooked_beef":16,"minecraft:golden_carrot":14,"minecraft:andesite":83,"minecraft:leather":4,"minecraft:tuff":22,"minecraft:oak_log":250,"minecraft:lapis_lazuli":1,"minecraft:dirt":475,"minecraft:bone":10,"minecraft:apple":10,"minecraft:stone_bricks":12,"minecraft:stonecutter":1,"minecraft:bow":3,"minecraft:wheat_seeds":85,"minecraft:stone_pickaxe":2,"minecraft:iron_ingot":4,"minecraft:black_candle":6,"minecraft:cooked_porkchop":51,"minecraft:sweet_berries":71,"minecraft:dandelion":2,"minecraft:spruce_sapling":2,"minecraft:blast_furnace":1,"minecraft:white_bed":2,"minecraft:spruce_log":44,"minecraft:diamond":27,"minecraft:stone_axe":3,"minecraft:granite":44,"minecraft:emerald":3,"minecraft:golden_apple":8,"minecraft:gray_wool":1,"minecraft:bread":6,"minecraft:spruce_sign":4,"minecraft:oak_sapling":26,"minecraft:coal":162,"minecraft:ender_pearl":2}},"DataVersion":3463}